date,player,team,pos,salary,proj,ceiling,own,conf,dk_fppg
2026-06-28,Kyle Bradish,BAL,P,9700,16.8,16.8,7.7,P-prop,
2026-06-28,Dylan Crews,WSH,OF,3600,3.9,5.5,0.4,H-prop,
2026-06-28,Jacob Young,WSH,OF,3100,2.6,3.9,0.2,H-prop,
2026-06-28,Taylor Ward,BAL,OF,4500,5.6,6.2,1.1,H-prop,
2026-06-28,James Wood,WSH,OF,5900,6.9,9.1,0.5,H-prop,
2026-06-28,Adley Rutschman,BAL,C,3900,5.3,6.8,1.6,H-prop,
2026-06-28,Daylen Lile,WSH,OF,4100,4.8,5.8,0.5,H-prop,
2026-06-28,Jackson Holliday,BAL,2B,3300,5.0,6.7,10.0,H-prop,
2026-06-28,Dylan Beavers,BAL,OF,2600,5.0,5.7,10.7,H-prop,
2026-06-28,Colton Cowser,BAL,OF,2800,4.7,6.4,6.7,H-prop,
2026-06-28,Coby Mayo,BAL,3B,3300,5.1,7.0,7.8,H-prop,
2026-06-28,Gunnar Henderson,BAL,SS,5000,5.9,7.7,2.7,H-prop,
2026-06-28,Jorbit Vivas,WSH,2B/3B,2400,3.8,4.5,7.4,H-prop,
2026-06-28,Curtis Mead,WSH,3B,5000,5.1,7.6,0.5,H-prop,
2026-06-28,Pete Alonso,BAL,1B,5500,6.4,8.5,1.7,H-prop,
2026-06-28,CJ Abrams,WSH,SS,5500,4.4,6.5,0.4,H-prop,
2026-06-28,Samuel Basallo,BAL,C,3500,5.5,7.5,5.7,H-prop,
2026-06-28,Luis Garcia Jr.,WSH,1B,3900,4.9,7.2,1.4,H-prop,
2026-06-28,Keibert Ruiz,WSH,C,3800,6.1,7.5,1.8,H-prop,
2026-06-28,TJ Friedl,CIN,OF,2700,2.2,2.7,0.2,H-prop,
2026-06-28,Sal Stewart,CIN,1B/3B,4700,5.2,7.0,1.1,H-prop,
2026-06-28,Eugenio Suarez,CIN,3B,3800,5.0,6.6,1.6,H-prop,
2026-06-28,Noelvi Marte,CIN,OF,2600,5.1,6.9,8.9,H-prop,
2026-06-28,Mitch Keller,PIT,P,6900,14.9,14.9,12.8,P-prop,
2026-06-28,JJ Bleday,CIN,OF,4800,6.5,9.0,1.1,H-prop,
2026-06-28,Tyler Stephenson,CIN,C,2900,4.4,5.6,3.9,H-prop,
2026-06-28,Edwin Arroyo,CIN,2B/SS,2300,2.5,2.5,1.1,H-prop,
2026-06-28,Elly De La Cruz,CIN,SS,5100,8.0,9.9,5.7,H-prop,
2026-06-28,Spencer Steer,CIN,1B/OF,4100,6.1,7.9,3.1,H-prop,
2026-06-28,Brady Singer,CIN,P,6500,14.2,14.2,13.3,P-prop,
2026-06-28,Ernie Clement,TOR,2B/SS,2800,4.0,4.9,3.7,H-prop,
2026-06-28,Kazuma Okamoto,TOR,3B,3400,5.7,8.2,4.7,H-prop,
2026-06-28,Alejandro Kirk,TOR,C,3400,4.4,5.8,1.3,H-prop,
2026-06-28,Brandon Nimmo,TEX,OF,3500,5.7,6.7,3.6,H-prop,
2026-06-28,Joc Pederson,TEX,1B,3100,5.1,7.1,7.5,H-prop,
2026-06-28,Alejandro Osuna,TEX,OF,2300,3.7,3.7,3.5,H-prop,
2026-06-28,Vladimir Guerrero Jr.,TOR,1B,4600,5.1,5.6,0.7,H-prop,
2026-06-28,Daulton Varsho,TOR,OF,3000,5.2,6.3,3.4,H-prop,
2026-06-28,Jake Burger,TEX,1B,3500,5.0,6.9,4.6,H-prop,
2026-06-28,Corey Seager,TEX,SS,4500,6.0,8.0,2.5,H-prop,
2026-06-28,Jarred Kelenic,TEX,OF,2100,3.3,3.9,3.2,H-prop,
2026-06-28,Kyle Higashioka,TEX,C,2900,4.1,5.5,2.4,H-prop,
2026-06-28,Shane Bieber,TOR,P,8500,15.3,15.3,6.8,P-prop,
2026-06-28,Yohendrick Pinango,TOR,OF,2500,5.5,7.0,7.9,H-prop,
2026-06-28,Kumar Rocker,TEX,P,6500,12.1,12.1,7.6,P-prop,
2026-06-28,Andres Gimenez,TOR,SS,2600,4.9,6.0,14.1,H-prop,
2026-06-28,Nicky Lopez,TEX,2B/SS,2500,4.7,5.2,12.9,H-prop,
2026-06-28,Nathan Lukes,TOR,OF,2500,4.0,4.8,2.6,H-prop,
2026-06-28,Josh Jung,TEX,3B,4300,4.4,5.4,0.5,H-prop,
2026-06-28,Gabriel Moreno,ARI,C,4000,6.5,7.7,1.3,H-prop,
2026-06-28,Pavin Smith,ARI,1B,2300,2.3,3.0,0.4,H-prop,
2026-06-28,Tommy Troy,ARI,OF,2500,5.4,6.7,6.9,H-prop,
2026-06-28,Nolan Arenado,ARI,3B,3200,5.0,6.2,3.5,H-prop,
2026-06-28,Ketel Marte,ARI,2B,5100,5.2,7.0,0.5,H-prop,
2026-06-28,Merrill Kelly,ARI,P,6200,11.7,11.7,8.0,P-prop,
2026-06-28,Drew Rasmussen,TB,P,10000,19.5,19.5,11.7,P-prop,
2026-06-28,Lourdes Gurriel Jr.,ARI,OF,2800,3.8,4.1,1.4,H-prop,
2026-06-28,Geraldo Perdomo,ARI,SS,4000,4.2,4.8,0.8,H-prop,
2026-06-28,Corbin Carroll,ARI,OF,5600,5.6,7.3,0.2,H-prop,
2026-06-28,Randy Arozarena,SEA,OF,5000,7.1,8.2,2.1,H-prop,
2026-06-28,Petey Halpin,CLE,OF,2500,6.3,7.7,12.6,H-prop,
2026-06-28,Steven Kwan,CLE,OF,3000,3.1,3.2,0.6,H-prop,
2026-06-28,Emerson Hancock,SEA,P,7800,14.8,14.8,8.1,P-prop,
2026-06-28,Daniel Schneemann,CLE,3B/OF,2400,4.6,5.7,7.5,H-prop,
2026-06-28,J.P. Crawford,SEA,3B/SS,3400,5.1,6.7,8.5,H-prop,
2026-06-28,Patrick Bailey,CLE,C,2100,3.1,3.6,2.1,H-prop,
2026-06-28,Kahlil Watson,CLE,OF,2400,6.4,7.9,15.3,H-prop,
2026-06-28,Dominic Canzone,SEA,OF,3800,7.2,9.6,5.7,H-prop,
2026-06-28,Cal Raleigh,SEA,C,4500,4.8,6.3,0.8,H-prop,
2026-06-28,Brayan Rocchio,CLE,SS,3200,5.1,5.8,7.8,H-prop,
2026-06-28,Cole Young,SEA,2B,3000,4.6,5.5,12.7,H-prop,
2026-06-28,Julio Rodriguez,SEA,OF,4900,4.9,6.6,0.6,H-prop,
2026-06-28,Gavin Williams,CLE,P,9400,20.0,20.0,15.9,P-prop,
2026-06-28,Luke Raley,SEA,OF,3900,6.9,9.6,4.5,H-prop,
2026-06-28,Kyle Manzardo,CLE,1B,2700,5.2,6.7,9.8,H-prop,
2026-06-28,Travis Bazzana,CLE,2B,4600,4.9,6.3,0.6,H-prop,
2026-06-28,Colt Emerson,SEA,SS,3800,6.1,8.6,9.8,H-prop,
2026-06-28,Josh Naylor,SEA,1B,4500,4.6,5.6,1.3,H-prop,
2026-06-28,James Outman,DET,OF,2200,4.7,5.6,8.5,H-prop,
2026-06-28,Kevin McGonigle,DET,3B/SS,4800,4.8,5.5,0.4,H-prop,
2026-06-28,Riley Greene,DET,OF,4200,4.8,5.9,0.4,H-prop,
2026-06-28,Yainer Diaz,HOU,C,3200,5.0,5.9,7.0,H-prop,
2026-06-28,Jose Altuve,HOU,2B,3800,6.1,7.4,7.0,H-prop,
2026-06-28,Isaac Paredes,HOU,1B/3B,3700,5.6,6.9,5.3,H-prop,
2026-06-28,Matt Vierling,DET,OF,2900,3.5,4.5,1.1,H-prop,
2026-06-28,Hunter Brown,HOU,P,10500,20.3,20.3,11.4,P-prop,
2026-06-28,Christian Walker,HOU,1B,4000,5.6,7.8,4.0,H-prop,
2026-06-28,Yordan Alvarez,HOU,OF,6000,7.7,10.7,1.5,H-prop,
2026-06-28,Dillon Dingler,DET,C,5300,5.1,7.7,0.3,H-prop,
2026-06-28,Cam Smith,HOU,OF,2500,5.5,6.7,21.4,H-prop,
2026-06-28,Kerry Carpenter,DET,OF,3600,5.6,8.3,1.3,H-prop,
2026-06-28,Hao-Yu Lee,DET,2B,2600,4.5,5.5,8.7,H-prop,
2026-06-28,Joey Loperfido,HOU,OF,2600,4.6,5.0,10.0,H-prop,
2026-06-28,Jeremy Pena,HOU,SS,4700,4.4,5.7,1.5,H-prop,
2026-06-28,Zach McKinstry,DET,2B/SS,2300,3.1,3.5,3.6,H-prop,
2026-06-28,Colt Keith,DET,3B,2700,4.7,5.6,6.5,H-prop,
2026-06-28,Jack Flaherty,DET,P,7300,15.2,15.2,11.3,P-prop,
2026-06-28,Taylor Trammell,HOU,OF,2700,7.1,8.0,39.9,H-prop,
2026-06-28,Luis Torrens,NYM,C,2200,2.8,3.1,0.7,H-prop,
2026-06-28,Bo Bichette,NYM,3B/SS,4400,5.4,6.6,0.9,H-prop,
2026-06-28,Brandon Marsh,PHI,OF,4600,4.5,6.2,0.3,H-prop,
2026-06-28,Jesus Luzardo,PHI,P,9600,20.9,20.9,17.2,P-prop,
2026-06-28,Tyrone Taylor,NYM,OF,2600,4.0,5.2,2.7,H-prop,
2026-06-28,Brett Baty,NYM,3B,2500,3.0,3.5,0.8,H-prop,
2026-06-28,Carson Benge,NYM,OF,3900,4.8,6.0,0.6,H-prop,
2026-06-28,Francisco Alvarez,NYM,C,2800,5.6,7.4,7.3,H-prop,
2026-06-28,Bryson Stott,PHI,2B,3900,5.5,6.5,2.5,H-prop,
2026-06-28,Justin Crawford,PHI,OF,3200,3.5,3.8,1.0,H-prop,
2026-06-28,Eric Wagaman,NYM,1B/OF,2400,5.0,8.3,15.6,H-prop,
2026-06-28,Kyle Schwarber,PHI,1B,6300,7.6,11.2,1.4,H-prop,
2026-06-28,Alec Bohm,PHI,3B,3600,5.6,6.8,2.6,H-prop,
2026-06-28,J.T. Realmuto,PHI,C,3900,3.7,4.7,0.3,H-prop,
2026-06-28,Juan Soto,NYM,OF,5700,5.4,8.1,0.2,H-prop,
2026-06-28,Bryce Harper,PHI,1B,5800,7.4,9.8,1.6,H-prop,
2026-06-28,Mark Vientos,NYM,1B,2800,4.8,6.6,7.9,H-prop,
2026-06-28,Trea Turner,PHI,SS,5600,6.0,6.8,1.4,H-prop,
2026-06-28,Byron Buxton,MIN,OF,6100,7.8,11.1,1.0,H-prop,
2026-06-28,Royce Lewis,MIN,1B,3600,4.8,6.3,2.4,H-prop,
2026-06-28,Braxton Fulford,COL,C,3700,8.6,9.5,7.0,H-prop,
2026-06-28,Trevor Larnach,MIN,OF,3800,5.9,6.8,2.0,H-prop,
2026-06-28,Luke Keaschall,MIN,2B,3200,4.5,4.8,6.7,H-prop,
2026-06-28,Austin Martin,MIN,OF,3200,4.6,4.9,3.3,H-prop,
2026-06-28,Ryan Feltner,COL,P,6300,11.7,11.7,7.6,P-prop,
2026-06-28,Brooks Lee,MIN,3B,3500,3.6,5.5,1.6,H-prop,
2026-06-28,Tyler Freeman,COL,OF,3800,4.0,4.6,0.4,H-prop,
2026-06-28,Alex Jackson,MIN,C,2200,5.5,5.5,25.1,H-prop,
2026-06-28,Kyle Karros,COL,3B,2500,5.3,6.1,15.9,H-prop,
2026-06-28,Cole Carrigg,COL,OF,3200,5.2,7.2,4.0,H-prop,
2026-06-28,Kody Clemens,MIN,OF,4200,4.5,6.4,0.5,H-prop,
2026-06-28,Ezequiel Tovar,COL,SS,3900,4.3,5.2,1.4,H-prop,
2026-06-28,Ryan Kreidler,MIN,OF/SS,2700,5.3,7.0,30.6,H-prop,
2026-06-28,Hunter Goodman,COL,C,5200,7.1,10.4,1.1,H-prop,
2026-06-28,Connor Prielipp,MIN,P,7100,17.2,17.2,19.1,P-prop,
2026-06-28,Willi Castro,COL,2B/3B,4200,3.9,4.8,0.6,H-prop,
2026-06-28,TJ Rumfield,COL,1B,4100,4.9,6.5,1.3,H-prop,
2026-06-28,Nico Hoerner,CHC,2B,3700,3.5,4.0,0.7,H-prop,
2026-06-28,Jackson Chourio,MIL,OF,5400,6.0,8.2,0.7,H-prop,
2026-06-28,Dansby Swanson,CHC,SS,3500,4.2,5.7,4.7,H-prop,
2026-06-28,Christian Yelich,MIL,OF,5100,5.7,6.7,0.7,H-prop,
2026-06-28,Michael Busch,CHC,1B,4300,5.0,6.1,1.3,H-prop,
2026-06-28,Jake Bauers,MIL,1B/OF,4700,6.4,8.5,2.9,H-prop,
2026-06-28,Brandon Woodruff,MIL,P,8800,18.8,18.8,12.3,P-prop,
2026-06-28,Sal Frelick,MIL,OF,3000,3.7,4.2,2.2,H-prop,
2026-06-28,Cooper Pratt,MIL,SS,3100,4.3,4.3,10.4,H-prop,
2026-06-28,William Contreras,MIL,C,4600,5.7,6.9,1.1,H-prop,
2026-06-28,Ian Happ,CHC,OF,4300,6.9,9.0,1.9,H-prop,
2026-06-28,Matt Shaw,CHC,OF,2700,4.8,6.0,6.0,H-prop,
2026-06-28,Alex Bregman,CHC,3B,3900,4.2,4.9,0.7,H-prop,
2026-06-28,Pete Crow-Armstrong,CHC,OF,6400,5.3,7.3,0.2,H-prop,
2026-06-28,Garrett Mitchell,MIL,OF,3100,5.7,6.7,9.1,H-prop,
2026-06-28,Carson Kelly,CHC,C,2800,4.8,5.6,5.8,H-prop,
2026-06-28,Brice Turang,MIL,2B,5400,5.5,6.9,1.1,H-prop,
2026-06-28,David Hamilton,MIL,3B,2700,5.3,5.9,17.8,H-prop,
2026-06-28,Seiya Suzuki,CHC,OF,4400,5.8,7.6,1.0,H-prop,
2026-06-28,Jacob Gonzalez,CWS,1B,2200,3.7,4.9,14.4,H-prop,
2026-06-28,Sam Antonacci,CWS,OF,4000,4.3,5.0,0.7,H-prop,
2026-06-28,Jac Caglianone,KC,1B,4800,6.2,8.2,1.4,H-prop,
2026-06-28,Lane Thomas,KC,OF,3400,4.3,5.3,1.4,H-prop,
2026-06-28,Kyle Teel,CWS,C,3300,6.1,8.8,10.8,H-prop,
2026-06-28,Carter Jensen,KC,C,4400,5.4,7.0,0.6,H-prop,
2026-06-28,Starling Marte,KC,OF,3100,2.8,3.2,0.2,H-prop,
2026-06-28,Miguel Vargas,CWS,1B/3B,4900,6.9,9.1,3.5,H-prop,
2026-06-28,Tyler Tolbert,KC,OF/SS,2600,1.8,1.8,0.2,H-prop,
2026-06-28,Tristan Peters,CWS,OF,2500,5.8,6.6,22.1,H-prop,
2026-06-28,Colson Montgomery,CWS,3B/SS,4600,6.3,9.0,2.5,H-prop,
2026-06-28,Bobby Witt Jr.,KC,SS,6200,6.4,7.6,1.0,H-prop,
2026-06-28,Chase Meidroth,CWS,2B,3600,5.0,5.8,3.6,H-prop,
2026-06-28,Salvador Perez,KC,C,3600,4.2,5.5,0.5,H-prop,
2026-06-28,Anthony Kay,CWS,P,7200,14.9,14.9,11.0,P-prop,
2026-06-28,Isaac Collins,KC,OF,2500,3.5,4.0,2.0,H-prop,
2026-06-28,Andrew Benintendi,CWS,OF,3200,6.0,7.7,10.5,H-prop,
2026-06-28,Braden Montgomery,CWS,OF,3100,5.3,6.7,7.6,H-prop,
2026-06-28,Luinder Avila,KC,P,5900,11.3,11.3,8.4,P-prop,
2026-06-28,Michael Massey,KC,2B,3500,6.6,8.1,12.2,H-prop,
2026-06-28,Otto Lopez,MIA,SS,4300,5.3,6.0,2.5,H-prop,
2026-06-28,Graham Pauley,MIA,3B,2100,4.0,4.5,12.6,H-prop,
2026-06-28,Ivan Herrera,STL,C,4200,4.8,6.0,0.7,H-prop,
2026-06-28,Jimmy Crooks,STL,C,2100,3.2,4.0,4.0,H-prop,
2026-06-28,Jakob Marsee,MIA,OF,3700,4.7,5.2,0.9,H-prop,
2026-06-28,Kyle Stowers,MIA,1B/OF,4000,5.4,6.8,2.2,H-prop,
2026-06-28,Blaze Jordan,STL,3B,3100,4.0,4.9,3.2,H-prop,
2026-06-28,Heriberto Hernandez,MIA,OF,3500,4.1,6.0,1.5,H-prop,
2026-06-28,JJ Wetherholt,STL,2B,4500,5.7,7.2,1.9,H-prop,
2026-06-28,Jordan Walker,STL,OF,5200,5.4,7.7,0.4,H-prop,
2026-06-28,Kyle Leahy,STL,P,7500,12.7,12.7,5.5,P-prop,
2026-06-28,Owen Caissie,MIA,OF,2800,4.2,5.9,3.5,H-prop,
2026-06-28,Xavier Edwards,MIA,2B,4100,5.7,6.4,2.6,H-prop,
2026-06-28,Tyler Phillips,MIA,P,6700,10.5,10.5,4.2,P-prop,
2026-06-28,Joe Mack,MIA,C,2800,5.0,6.3,7.0,H-prop,
2026-06-28,Alec Burleson,STL,1B,4400,6.6,8.2,3.2,H-prop,
2026-06-28,Nathan Church,STL,OF,2700,5.3,6.3,8.9,H-prop,
2026-06-28,Masyn Winn,STL,SS,3600,4.5,4.9,2.6,H-prop,
2026-06-28,Griffin Conine,MIA,OF,3100,6.7,8.6,12.5,H-prop,
2026-06-28,Lars Nootbaar,STL,OF,3700,5.5,6.6,1.5,H-prop,
2026-06-29,Trey Yesavage,TOR,P,8700,17.7,17.7,,P-prop,
2026-06-29,Casey Mize,DET,P,8000,15.3,15.3,,P-prop,
2026-06-29,Ranger Suarez,BOS,P,8500,18.5,18.5,,P-prop,
2026-06-29,Robert Gasser,MIL,P,6500,15.9,15.9,,P-prop,
2026-06-29,Nick Lodolo,CIN,P,5800,13.6,13.6,,P-prop,
2026-06-29,Griffin Canning,SD,P,5800,9.2,9.2,,P-prop,
2026-06-29,Shota Imanaga,CHC,P,7700,14.7,14.7,,P-prop,
2026-06-29,Zebby Matthews,MIN,P,6700,14.2,14.2,,P-prop,
2026-06-29,Peter Lambert,HOU,P,8400,14.9,14.9,,P-prop,
2026-06-29,Sandy Alcantara,MIA,P,9000,12.6,12.6,,P-prop,
2026-06-29,Sean Sullivan,COL,P,5000,7.3,7.3,,P-prop,
2026-06-29,Tyler Mahle,SF,P,7200,10.8,10.8,,P-prop,
2026-06-29,Eduardo Rodriguez,ARI,P,8300,14.4,14.4,,P-prop,
2026-06-29,Eric Lauer,LAD,P,5500,9.0,9.0,,P-prop,
2026-06-29,Gage Jump,ATH,P,8000,13.4,13.4,,P-prop,
2026-06-29,George Kirby,SEA,P,9000,22.1,22.1,,P-prop,
2026-06-29,Ryan Johnson,LAA,P,5500,10.5,10.5,,P-prop,
2026-06-29,Matthew Liberatore,STL,P,5500,11.8,11.8,,P-prop,
2026-06-29,Ben Rice,NYY,1B,5500,8.9,12.0,,H-slot1,
2026-06-29,Cody Bellinger,NYY,OF,5100,9.2,10.6,,H-slot2,
2026-06-29,Paul Goldschmidt,NYY,1B,4100,7.7,10.5,,H-slot3,
2026-06-29,Jazz Chisholm Jr.,NYY,2B,4400,9.7,11.3,,H-slot4,
2026-06-29,Jasson Domínguez,NYY,OF,3400,8.4,9.8,,H-slot5,
2026-06-29,Anthony Volpe,NYY,SS,3900,7.4,7.7,,H-slot6,
2026-06-29,Spencer Jones,NYY,OF,2600,7.3,8.4,,H-slot7,
2026-06-29,Austin Wells,NYY,C,2500,7.1,7.9,,H-slot8,
2026-06-29,José Caballero,NYY,3B/OF,3300,8.1,9.3,,H-slot9,
2026-06-29,Matt Vierling,DET,OF,2900,8.1,9.1,,H-slot1,
2026-06-29,Dillon Dingler,DET,C,5200,7.6,10.3,,H-slot2,
2026-06-29,Kevin McGonigle,DET,3B/SS,4600,7.9,8.6,,H-slot3,
2026-06-29,Spencer Torkelson,DET,1B,3300,7.7,9.5,,H-slot4,
2026-06-29,Hao-Yu Lee,DET,2B,2500,7.6,8.6,,H-slot5,
2026-06-29,Jahmai Jones,DET,OF,2100,8.9,9.7,,H-slot6,
2026-06-29,Zach McKinstry,DET,2B/SS,2300,7.5,8.1,,H-slot7,
2026-06-29,Ben Malgeri,DET,OF,2000,7.0,7.0,,H-slot8,
2026-06-29,James Outman,DET,OF,2400,5.2,6.0,,H-slot9,
2026-06-29,George Springer,TOR,OF,3500,8.6,10.0,,H-slot1,
2026-06-29,Nathan Lukes,TOR,OF,2600,7.4,8.5,,H-slot2,
2026-06-29,Vladimir Guerrero Jr.,TOR,1B,4500,8.3,8.8,,H-slot3,
2026-06-29,Kazuma Okamoto,TOR,3B,3400,6.9,9.4,,H-slot4,
2026-06-29,Ernie Clement,TOR,2B/SS,2800,6.5,7.4,,H-slot5,
2026-06-29,Brandon Valenzuela,TOR,C,3500,6.6,8.3,,H-slot6,
2026-06-29,Luis Urías,TOR,2B,2100,5.4,9.1,,H-slot7,
2026-06-29,Yohendrick Piñango,TOR,OF,2500,6.3,7.7,,H-slot8,
2026-06-29,Myles Straw,TOR,OF,2300,6.5,7.0,,H-slot9,
2026-06-29,Carson Benge,NYM,OF,4000,8.1,9.4,,H-slot1,
2026-06-29,Juan Soto,NYM,OF,5500,10.9,13.7,,H-slot2,
2026-06-29,Bo Bichette,NYM,3B/SS,4400,7.9,9.1,,H-slot3,
2026-06-29,Francisco Lindor,NYM,SS,4300,9.4,10.1,,H-slot4,
2026-06-29,Jared Young,NYM,1B,2800,7.4,9.6,,H-slot5,
2026-06-29,A.J. Ewing,NYM,OF,3500,7.3,8.3,,H-slot6,
2026-06-29,Mark Vientos,NYM,1B,3000,7.4,9.1,,H-slot7,
2026-06-29,Brett Baty,NYM,2B/3B,2400,6.8,7.2,,H-slot8,
2026-06-29,Francisco Alvarez,NYM,C,3000,6.7,8.3,,H-slot9,
2026-06-29,Masataka Yoshida,BOS,OF,2900,8.9,9.4,,H-slot1,
2026-06-29,Ceddanne Rafaela,BOS,OF,4100,9.3,10.3,,H-slot2,
2026-06-29,Wilyer Abreu,BOS,OF,4400,9.8,11.1,,H-slot3,
2026-06-29,Willson Contreras,BOS,1B,5100,9.3,11.5,,H-slot4,
2026-06-29,Jarren Duran,BOS,OF,4600,9.8,11.3,,H-slot5,
2026-06-29,Caleb Durbin,BOS,3B,2700,8.4,9.3,,H-slot6,
2026-06-29,Anthony Seigler,BOS,2B,2400,7.9,9.0,,H-slot7,
2026-06-29,Carlos Narváez,BOS,C,2000,7.3,7.8,,H-slot8,
2026-06-29,Tsung-Che Cheng,BOS,SS,2200,7.6,7.6,,H-slot9,
2026-06-29,James Wood,WSH,OF,5700,9.6,12.1,,H-slot1,
2026-06-29,Andrés Chaparro,WSH,1B,2300,6.6,6.6,,H-slot2,
2026-06-29,Curtis Mead,WSH,3B,4500,6.2,8.7,,H-slot3,
2026-06-29,CJ Abrams,WSH,SS,5400,8.8,10.9,,H-slot4,
2026-06-29,Dylan Crews,WSH,OF,3600,7.8,9.3,,H-slot5,
2026-06-29,Jacob Young,WSH,OF,3200,7.0,8.2,,H-slot6,
2026-06-29,Luis García Jr.,WSH,1B,3900,7.8,10.2,,H-slot7,
2026-06-29,Nasim Nuñez,WSH,2B/SS,3600,8.3,8.3,,H-slot8,
2026-06-29,Keibert Ruiz,WSH,C,3700,5.6,6.9,,H-slot9,
2026-06-29,Jackson Chourio,MIL,OF,5500,8.7,11.0,,H-slot1,
2026-06-29,Brice Turang,MIL,2B,5400,8.1,9.5,,H-slot2,
2026-06-29,William Contreras,MIL,C,4600,7.7,8.9,,H-slot3,
2026-06-29,Andrew Vaughn,MIL,1B,3800,6.4,7.0,,H-slot4,
2026-06-29,Gary Sánchez,MIL,C,4000,6.7,8.9,,H-slot5,
2026-06-29,Blake Perkins,MIL,OF,2700,6.7,7.1,,H-slot6,
2026-06-29,Sal Frelick,MIL,OF,3100,6.4,6.9,,H-slot7,
2026-06-29,Cooper Pratt,MIL,SS,3300,6.3,6.3,,H-slot8,
2026-06-29,Joey Ortiz,MIL,3B/SS,2400,5.8,6.0,,H-slot9,
2026-06-29,Elly De La Cruz,CIN,SS,5200,9.6,11.6,,H-slot1,
2026-06-29,Sal Stewart,CIN,1B/3B,4700,7.3,9.2,,H-slot2,
2026-06-29,Spencer Steer,CIN,1B/OF,4200,7.6,9.5,,H-slot3,
2026-06-29,JJ Bleday,CIN,OF,4500,6.9,9.3,,H-slot4,
2026-06-29,Dane Myers,CIN,OF,3000,6.9,7.8,,H-slot5,
2026-06-29,Noelvi Marte,CIN,OF,2600,6.7,8.4,,H-slot6,
2026-06-29,Tyler Stephenson,CIN,C,2900,6.8,7.9,,H-slot7,
2026-06-29,Matt McLain,CIN,2B/SS,3100,6.0,7.1,,H-slot8,
2026-06-29,Edwin Arroyo,CIN,2B,2500,6.2,6.2,,H-slot9,
2026-06-29,Pete Crow-Armstrong,CHC,OF,6500,8.6,10.8,,H-slot1,
2026-06-29,Alex Bregman,CHC,3B,3800,7.5,8.2,,H-slot2,
2026-06-29,Michael Busch,CHC,1B,4000,7.7,8.8,,H-slot3,
2026-06-29,Seiya Suzuki,CHC,OF,4100,7.8,9.6,,H-slot4,
2026-06-29,Ian Happ,CHC,OF,4300,7.1,9.2,,H-slot5,
2026-06-29,Nico Hoerner,CHC,2B,3600,6.8,7.2,,H-slot6,
2026-06-29,Michael Conforto,CHC,OF,3300,5.9,7.5,,H-slot7,
2026-06-29,Miguel Amaya,CHC,C,2800,5.8,6.7,,H-slot8,
2026-06-29,Dansby Swanson,CHC,SS,3500,6.4,7.8,,H-slot9,
2026-06-29,Fernando Tatis Jr.,SD,2B/OF,4500,9.0,9.4,,H-slot1,
2026-06-29,Samad Taylor,SD,OF,3500,7.3,7.9,,H-slot2,
2026-06-29,Manny Machado,SD,3B,3900,8.2,10.2,,H-slot3,
2026-06-29,Miguel Andujar,SD,3B/OF,2800,6.8,7.8,,H-slot4,
2026-06-29,Ty France,SD,1B,2600,5.9,8.2,,H-slot5,
2026-06-29,Jackson Merrill,SD,OF,3700,7.6,8.6,,H-slot6,
2026-06-29,Xander Bogaerts,SD,SS,3400,6.5,7.5,,H-slot7,
2026-06-29,Freddy Fermin,SD,C,2000,5.3,6.1,,H-slot8,
2026-06-29,Jake Cronenworth,SD,2B,2000,6.0,6.3,,H-slot9,
2026-06-29,Jose Altuve,HOU,2B,3600,8.4,9.8,,H-slot1,
2026-06-29,Yordan Alvarez,HOU,OF,6000,9.1,12.2,,H-slot2,
2026-06-29,Isaac Paredes,HOU,3B,3500,7.4,8.9,,H-slot3,
2026-06-29,Christian Walker,HOU,1B,3700,7.6,10.0,,H-slot4,
2026-06-29,Taylor Trammell,HOU,OF,2700,6.2,7.1,,H-slot5,
2026-06-29,Cam Smith,HOU,OF,2500,6.4,7.6,,H-slot6,
2026-06-29,Joey Loperfido,HOU,OF,2600,6.3,6.7,,H-slot7,
2026-06-29,Nick Allen,HOU,2B/3B,2000,4.3,4.9,,H-slot8,
2026-06-29,Christian Vázquez,HOU,C,2400,4.7,5.6,,H-slot9,
2026-06-29,Trevor Larnach,MIN,OF,4000,8.2,9.1,,H-slot1,
2026-06-29,Brooks Lee,MIN,3B,3600,6.9,8.9,,H-slot2,
2026-06-29,Kody Clemens,MIN,2B/OF,4400,8.1,10.2,,H-slot3,
2026-06-29,Josh Bell,MIN,1B,3100,7.2,8.4,,H-slot4,
2026-06-29,Royce Lewis,MIN,1B,3600,7.5,9.0,,H-slot5,
2026-06-29,Victor Caratini,MIN,C,3400,6.8,7.9,,H-slot6,
2026-06-29,Ryan Kreidler,MIN,OF/SS,2900,7.1,9.0,,H-slot7,
2026-06-29,Tristan Gray,MIN,SS,2800,6.9,7.9,,H-slot8,
2026-06-29,Luke Keaschall,MIN,2B/OF,3300,8.4,8.6,,H-slot9,
2026-06-29,Jake McCarthy,COL,OF,4600,10.8,11.9,,H-slot1,
2026-06-29,Mickey Moniak,COL,OF,5100,11.1,14.2,,H-slot2,
2026-06-29,Hunter Goodman,COL,C,6200,11.1,14.5,,H-slot3,
2026-06-29,TJ Rumfield,COL,1B,4800,9.7,11.3,,H-slot4,
2026-06-29,Cole Carrigg,COL,OF,3900,9.5,11.3,,H-slot5,
2026-06-29,Troy Johnston,COL,OF,5000,9.3,9.7,,H-slot6,
2026-06-29,Kyle Karros,COL,3B,3200,6.8,7.6,,H-slot7,
2026-06-29,Ezequiel Tovar,COL,SS,4700,8.7,9.5,,H-slot8,
2026-06-29,Edouard Julien,COL,2B,4100,7.0,7.4,,H-slot9,
2026-06-29,Otto Lopez,MIA,SS,5300,9.9,10.7,,H-slot1,
2026-06-29,Xavier Edwards,MIA,2B,5100,10.5,11.3,,H-slot2,
2026-06-29,Esteury Ruiz,MIA,OF,4000,9.5,11.4,,H-slot3,
2026-06-29,Heriberto Hernández,MIA,OF,4500,10.1,12.0,,H-slot4,
2026-06-29,Kyle Stowers,MIA,1B/OF,5000,10.0,11.3,,H-slot5,
2026-06-29,Leo Jiménez,MIA,3B,3200,7.0,7.0,,H-slot6,
2026-06-29,Jakob Marsee,MIA,OF,4700,11.0,11.5,,H-slot7,
2026-06-29,Javier Sanoja,MIA,3B,3700,7.9,8.3,,H-slot8,
2026-06-29,Joe Mack,MIA,C,3800,8.3,9.4,,H-slot9,
2026-06-29,Henry Bolte,ATH,OF,3500,7.9,8.5,,H-slot1,
2026-06-29,Shea Langeliers,ATH,C,5800,8.7,11.2,,H-slot2,
2026-06-29,Nick Kurtz,ATH,1B,6400,10.6,12.8,,H-slot3,
2026-06-29,Jonah Heim,ATH,C,3100,6.1,8.3,,H-slot4,
2026-06-29,Colby Thomas,ATH,OF,2800,7.6,8.7,,H-slot5,
2026-06-29,Lawrence Butler,ATH,OF,3100,7.9,8.8,,H-slot6,
2026-06-29,Max Muncy,LAD,3B,5100,8.2,10.4,,H-slot7,
2026-06-29,Alika Williams,ATH,SS,3000,6.7,7.3,,H-slot8,
2026-06-29,Shohei Ohtani,LAD,1B/OF,6600,12.4,14.6,,H-slot1,
2026-06-29,Andy Pages,LAD,OF,5300,8.2,10.1,,H-slot2,
2026-06-29,Freddie Freeman,LAD,1B,5600,8.8,10.4,,H-slot3,
2026-06-29,Mookie Betts,LAD,SS,4800,8.4,10.6,,H-slot4,
2026-06-29,Teoscar Hernández,LAD,OF,4300,8.3,9.8,,H-slot5,
2026-06-29,Kyle Tucker,LAD,OF,4900,9.2,10.1,,H-slot6,
2026-06-29,Miguel Rojas,LAD,2B,2700,6.6,7.2,,H-slot8,
2026-06-29,Dalton Rushing,LAD,C,4200,5.6,7.7,,H-slot9,
2026-06-29,J.P. Crawford,SEA,3B,3400,6.1,7.7,,H-slot1,
2026-06-29,Julio Rodríguez,SEA,OF,4700,7.7,9.4,,H-slot2,
2026-06-29,Dominic Canzone,SEA,OF,3700,6.5,9.0,,H-slot3,
2026-06-29,Randy Arozarena,SEA,OF,5000,6.8,7.9,,H-slot4,
2026-06-29,Josh Naylor,SEA,1B,4200,7.3,8.3,,H-slot5,
2026-06-29,Cal Raleigh,SEA,C,4500,7.5,8.9,,H-slot6,
2026-06-29,Cole Young,SEA,2B,3100,4.7,5.5,,H-slot7,
2026-06-29,Victor Robles,SEA,OF,2400,7.1,7.1,,H-slot8,
2026-06-29,Colt Emerson,SEA,SS,3700,5.6,7.8,,H-slot9,
2026-06-29,Zach Neto,LAA,SS,4900,7.7,9.8,,H-slot1,
2026-06-29,Denzer Guzman,LAA,3B,3300,6.4,8.3,,H-slot2,
2026-06-29,Nolan Schanuel,LAA,1B,3300,5.8,6.8,,H-slot3,
2026-06-29,Jorge Soler,LAA,OF,3700,6.0,7.8,,H-slot4,
2026-06-29,Wade Meckler,LAA,OF,3200,5.9,6.7,,H-slot5,
2026-06-29,Jo Adell,LAA,OF,3500,6.4,7.7,,H-slot6,
2026-06-29,Oswald Peraza,LAA,2B,3100,4.3,5.4,,H-slot7,
2026-06-29,Josh Lowe,LAA,OF,2400,5.7,7.3,,H-slot8,
2026-06-29,Logan O'Hoppe,LAA,C,2600,4.8,5.6,,H-slot9,
2026-06-29,Ketel Marte,AZ,2B,4800,11.4,13.4,,H-slot1,
2026-06-29,Geraldo Perdomo,AZ,SS,3800,10.1,10.8,,H-slot2,
2026-06-29,Corbin Carroll,AZ,OF,5300,11.1,12.8,,H-slot3,
2026-06-29,Gabriel Moreno,AZ,C,3900,8.7,9.9,,H-slot4,
2026-06-29,Lourdes Gurriel Jr.,AZ,OF,2800,8.7,9.0,,H-slot5,
2026-06-29,Max Kepler,AZ,OF,2500,7.5,7.5,,H-slot6,
2026-06-29,Nolan Arenado,AZ,3B,3000,7.4,8.5,,H-slot7,
2026-06-29,Pavin Smith,AZ,1B,2500,8.8,9.4,,H-slot8,
2026-06-29,Tommy Troy,AZ,OF,2600,7.6,8.7,,H-slot9,
2026-06-29,Matt Chapman,SF,3B,3400,9.7,10.6,,H-slot1,
2026-06-29,Luis Arraez,SF,2B,3800,7.9,8.3,,H-slot2,
2026-06-29,Casey Schmitt,SF,OF,4200,7.9,10.2,,H-slot3,
2026-06-29,Rafael Devers,SF,1B,3500,9.4,11.1,,H-slot4,
2026-06-29,Heliot Ramos,SF,OF,3600,8.1,9.0,,H-slot5,
2026-06-29,Bryce Eldridge,SF,1B,3200,7.8,9.3,,H-slot6,
2026-06-29,Victor Bericoto,SF,OF,2400,7.6,11.3,,H-slot7,
2026-06-29,Eric Haase,SF,C,3000,7.8,10.1,,H-slot8,
2026-06-29,Jonah Cox,SF,OF,2200,7.2,8.7,,H-slot9,
2026-06-30,Tarik Skubal,DET,P,10000,23.0,23.0,,P-prop,
2026-06-30,Cam Schlittler,NYY,P,10500,22.8,22.8,,P-prop,
2026-06-30,Nolan McLean,NYM,P,9300,17.3,17.3,,P-prop,
2026-06-30,Kevin Gausman,TOR,P,8700,16.4,16.4,,P-prop,
2026-06-30,Cade Cavalli,WSH,P,6600,13.2,13.2,,P-prop,
2026-06-30,Connelly Early,BOS,P,8500,16.7,16.7,,P-prop,
2026-06-30,Martin Perez,ATL,P,7200,11.1,11.1,,P-prop,
2026-06-30,Matthew Liberatore,STL,P,5500,11.1,11.1,,P-prop,
2026-06-30,Rhett Lowder,CIN,P,5800,10.0,10.0,,P-prop,
2026-06-30,Brandon Sproat,MIL,P,6500,15.9,15.9,,P-prop,
2026-06-30,Griffin Jax,TB,P,6700,14.0,14.0,,P-prop,
2026-06-30,Noah Cameron,KC,P,7500,12.1,12.1,,P-prop,
2026-06-30,JP Sears,SD,P,6800,8.3,8.3,,P-prop,
2026-06-30,Matthew Boyd,CHC,P,7700,12.9,12.9,,P-prop,
2026-06-30,Mike Burrows,HOU,P,6400,13.0,13.0,,P-prop,
2026-06-30,Joe Ryan,MIN,P,9700,21.3,21.3,,P-prop,
2026-06-30,Tanner Gordon,COL,P,6000,8.4,8.4,,P-prop,
2026-06-30,Eury Perez,MIA,P,7000,14.1,14.1,,P-prop,
2026-06-30,Landen Roupp,SF,P,8200,14.0,14.0,,P-prop,
2026-06-30,Justin Wrobleski,LAD,P,8000,14.5,14.5,,P-prop,
2026-06-30,Jeffrey Springs,ATH,P,6000,9.1,9.1,,P-prop,
2026-06-30,Jose Soriano,LAA,P,9500,16.1,16.1,,P-prop,
2026-06-30,Bryan Woo,SEA,P,9000,23.0,23.0,,P-prop,
2026-06-30,Paul Goldschmidt,NYY,1B,4100,7.3,10.2,,H-slot1,
2026-06-30,Amed Rosario,NYY,3B,3500,7.1,9.3,,H-slot2,
2026-06-30,Ben Rice,NYY,1B,5500,7.7,10.6,,H-slot3,
2026-06-30,Jasson Domínguez,NYY,OF,3400,7.8,9.3,,H-slot4,
2026-06-30,Anthony Volpe,NYY,SS,3900,6.9,7.2,,H-slot5,
2026-06-30,José Caballero,NYY,3B/OF,3300,7.9,9.2,,H-slot6,
2026-06-30,Spencer Jones,NYY,OF,2600,6.6,7.7,,H-slot7,
2026-06-30,Max Schuemann,NYY,OF/SS,3000,5.5,6.4,,H-slot8,
2026-06-30,Ali Sánchez,NYY,C,2300,6.3,6.3,,H-slot9,
2026-06-30,Kevin McGonigle,DET,3B/SS,4600,7.8,8.6,,H-slot1,
2026-06-30,Dillon Dingler,DET,C,5200,7.1,9.8,,H-slot2,
2026-06-30,Kerry Carpenter,DET,OF,3600,8.7,11.5,,H-slot3,
2026-06-30,Riley Greene,DET,OF,4100,8.3,9.4,,H-slot4,
2026-06-30,Colt Keith,DET,3B,3000,6.8,7.7,,H-slot5,
2026-06-30,Spencer Torkelson,DET,1B,3300,6.9,8.6,,H-slot6,
2026-06-30,Zach McKinstry,DET,2B/SS,2300,7.0,7.6,,H-slot7,
2026-06-30,James Outman,DET,OF,2400,5.0,5.8,,H-slot8,
2026-06-30,Hao-Yu Lee,DET,2B,2500,6.5,7.4,,H-slot9,
2026-06-30,George Springer,TOR,OF,3500,8.7,10.1,,H-slot1,
2026-06-30,Nathan Lukes,TOR,OF,2600,7.5,8.6,,H-slot2,
2026-06-30,Alejandro Kirk,TOR,C,3200,6.8,8.2,,H-slot3,
2026-06-30,Sean Keys,TOR,1B/3B,2000,7.1,7.1,,H-slot4,
2026-06-30,Ernie Clement,TOR,2B/SS,2800,6.7,7.6,,H-slot5,
2026-06-30,Daulton Varsho,TOR,OF,3000,7.5,8.6,,H-slot6,
2026-06-30,Luis Urías,TOR,2B,2100,5.5,9.2,,H-slot7,
2026-06-30,Yohendrick Piñango,TOR,OF,2500,6.4,7.8,,H-slot8,
2026-06-30,Andrés Giménez,TOR,SS,2600,5.8,6.8,,H-slot9,
2026-06-30,Carson Benge,NYM,OF,4000,8.1,9.4,,H-slot1,
2026-06-30,Juan Soto,NYM,OF,5500,10.8,13.6,,H-slot2,
2026-06-30,Bo Bichette,NYM,3B/SS,4400,7.8,9.0,,H-slot3,
2026-06-30,Francisco Lindor,NYM,SS,4300,9.4,10.1,,H-slot4,
2026-06-30,Jared Young,NYM,1B,2800,7.4,9.6,,H-slot5,
2026-06-30,A.J. Ewing,NYM,OF,3500,7.2,8.2,,H-slot6,
2026-06-30,Francisco Alvarez,NYM,C,3000,7.0,8.7,,H-slot7,
2026-06-30,Brett Baty,NYM,2B/3B,2400,6.7,7.1,,H-slot8,
2026-06-30,Luis Torrens,NYM,C,2100,5.5,5.8,,H-slot9,
2026-06-30,Anthony Seigler,BOS,2B,2400,8.6,9.9,,H-slot1,
2026-06-30,Ceddanne Rafaela,BOS,OF,4100,8.8,9.8,,H-slot2,
2026-06-30,Wilyer Abreu,BOS,OF,4400,9.3,10.6,,H-slot3,
2026-06-30,Willson Contreras,BOS,1B,5100,8.8,11.0,,H-slot4,
2026-06-30,Jarren Duran,BOS,OF,4600,9.3,10.8,,H-slot5,
2026-06-30,Romy Gonzalez,BOS,1B/2B,3000,8.9,8.9,,H-slot6,
2026-06-30,Caleb Durbin,BOS,3B,2700,7.7,8.6,,H-slot7,
2026-06-30,Carlos Narváez,BOS,C,2000,6.9,7.4,,H-slot8,
2026-06-30,Tsung-Che Cheng,BOS,SS,2200,7.1,7.1,,H-slot9,
2026-06-30,James Wood,WSH,OF,5700,9.6,12.1,,H-slot1,
2026-06-30,Andrés Chaparro,WSH,1B,2300,6.6,6.6,,H-slot2,
2026-06-30,Curtis Mead,WSH,3B,4500,6.3,8.8,,H-slot3,
2026-06-30,CJ Abrams,WSH,SS,5400,8.8,10.9,,H-slot4,
2026-06-30,Dylan Crews,WSH,OF,3600,7.8,9.3,,H-slot5,
2026-06-30,Jacob Young,WSH,OF,3200,7.0,8.2,,H-slot6,
2026-06-30,Daylen Lile,WSH,OF,4000,8.5,9.4,,H-slot7,
2026-06-30,Nasim Nuñez,WSH,2B/SS,3600,8.3,8.3,,H-slot8,
2026-06-30,Keibert Ruiz,WSH,C,3700,5.6,6.9,,H-slot9,
2026-06-30,Drake Baldwin,ATL,C,4800,9.3,11.8,,H-slot1,
2026-06-30,Ozzie Albies,ATL,2B,4200,7.8,9.4,,H-slot2,
2026-06-30,Matt Olson,ATL,1B,4900,8.5,11.0,,H-slot3,
2026-06-30,Michael Harris II,ATL,OF,4300,7.7,9.8,,H-slot4,
2026-06-30,Mauricio Dubón,ATL,OF,3200,6.4,7.5,,H-slot5,
2026-06-30,Eli White,ATL,OF,2600,8.3,9.4,,H-slot6,
2026-06-30,Austin Riley,ATL,3B,3500,7.3,8.3,,H-slot7,
2026-06-30,Joey Bart,ATL,C,2700,6.6,8.2,,H-slot8,
2026-06-30,Jorge Mateo,ATL,SS,3100,7.5,8.9,,H-slot9,
2026-06-30,JJ Wetherholt,STL,2B,4400,8.2,9.8,,H-slot1,
2026-06-30,Iván Herrera,STL,C,4100,9.0,10.2,,H-slot2,
2026-06-30,Jordan Walker,STL,OF,5100,6.7,9.1,,H-slot3,
2026-06-30,Nelson Velázquez,STL,OF,3300,7.2,9.4,,H-slot4,
2026-06-30,Masyn Winn,STL,SS,3500,7.1,7.5,,H-slot6,
2026-06-30,Lars Nootbaar,STL,OF,3600,6.7,7.7,,H-slot7,
2026-06-30,Blaze Jordan,STL,3B,3100,7.0,7.7,,H-slot8,
2026-06-30,Nathan Church,STL,OF,2800,6.8,7.7,,H-slot9,
2026-06-30,Carter Jensen,KC,C,4300,6.6,8.3,,H-slot1,
2026-06-30,Bobby Witt Jr.,KC,SS,6100,8.8,10.1,,H-slot2,
2026-06-30,Jac Caglianone,KC,1B,4600,4.6,6.7,,H-slot3,
2026-06-30,Lane Thomas,KC,OF,3300,6.5,7.5,,H-slot4,
2026-06-30,Michael Massey,KC,2B,3500,5.4,6.8,,H-slot5,
2026-06-30,Salvador Perez,KC,1B/C,3600,6.0,7.2,,H-slot6,
2026-06-30,John Rave,KC,OF,3000,5.1,7.3,,H-slot7,
2026-06-30,Nick Loftin,KC,3B,2900,4.3,5.0,,H-slot8,
2026-06-30,Isaac Collins,KC,OF,2500,5.9,6.3,,H-slot9,
2026-06-30,Yandy Díaz,TB,1B/3B,5400,8.4,10.0,,H-slot1,
2026-06-30,Jonathan Aranda,TB,1B,4400,8.9,10.6,,H-slot2,
2026-06-30,Junior Caminero,TB,3B,6300,9.3,12.1,,H-slot3,
2026-06-30,Ryan Vilade,TB,OF,3200,7.8,9.4,,H-slot4,
2026-06-30,Jonny DeLuca,TB,OF,3700,7.2,8.3,,H-slot5,
2026-06-30,Chandler Simpson,TB,OF,3900,8.1,8.1,,H-slot6,
2026-06-30,Ben Williamson,TB,2B/SS,2900,5.9,6.3,,H-slot7,
2026-06-30,Taylor Walls,TB,SS,2700,6.5,6.5,,H-slot8,
2026-06-30,Nick Fortes,TB,C,2400,5.2,5.4,,H-slot9,
2026-06-30,Christian Yelich,MIL,OF,5000,9.3,10.4,,H-slot1,
2026-06-30,Jackson Chourio,MIL,OF,5500,8.7,11.0,,H-slot2,
2026-06-30,Brice Turang,MIL,2B,5400,8.1,9.5,,H-slot3,
2026-06-30,William Contreras,MIL,C,4600,7.6,8.8,,H-slot4,
2026-06-30,Jake Bauers,MIL,1B/OF,4500,7.3,9.4,,H-slot5,
2026-06-30,Garrett Mitchell,MIL,OF,3200,7.4,8.4,,H-slot6,
2026-06-30,Sal Frelick,MIL,OF,3100,6.5,7.0,,H-slot7,
2026-06-30,Joey Ortiz,MIL,3B/SS,2400,6.0,6.2,,H-slot8,
2026-06-30,David Hamilton,MIL,3B,2900,7.5,8.0,,H-slot9,
2026-06-30,Elly De La Cruz,CIN,SS,5200,9.6,11.6,,H-slot1,
2026-06-30,Sal Stewart,CIN,1B/3B,4700,7.3,9.2,,H-slot2,
2026-06-30,JJ Bleday,CIN,OF,4500,7.0,9.5,,H-slot3,
2026-06-30,Eugenio Suárez,CIN,3B,4000,8.1,9.7,,H-slot4,
2026-06-30,Nathaniel Lowe,CIN,1B,3400,6.6,8.5,,H-slot5,
2026-06-30,Noelvi Marte,CIN,OF,2600,6.7,8.4,,H-slot6,
2026-06-30,Edwin Arroyo,CIN,2B,2500,6.5,6.5,,H-slot7,
2026-06-30,Jose Trevino,CIN,C,2100,5.3,5.3,,H-slot8,
2026-06-30,TJ Friedl,CIN,OF,2700,6.1,6.5,,H-slot9,
2026-06-30,Pete Crow-Armstrong,CHC,OF,6500,8.7,10.9,,H-slot1,
2026-06-30,Alex Bregman,CHC,3B,3800,7.6,8.3,,H-slot2,
2026-06-30,Seiya Suzuki,CHC,OF,4100,8.1,9.9,,H-slot3,
2026-06-30,Carson Kelly,CHC,C,2600,6.7,7.5,,H-slot4,
2026-06-30,Michael Busch,CHC,1B,4000,7.5,8.5,,H-slot5,
2026-06-30,Nico Hoerner,CHC,2B,3600,6.9,7.3,,H-slot6,
2026-06-30,Ian Happ,CHC,OF,4300,6.9,8.9,,H-slot7,
2026-06-30,Dansby Swanson,CHC,SS,3500,6.6,8.0,,H-slot8,
2026-06-30,Kevin Alcántara,CHC,OF,2000,6.1,6.1,,H-slot9,
2026-06-30,Fernando Tatis Jr.,SD,2B/OF,4500,8.8,9.2,,H-slot1,
2026-06-30,Samad Taylor,SD,OF,3500,7.2,7.8,,H-slot2,
2026-06-30,Manny Machado,SD,3B,3900,8.1,10.1,,H-slot3,
2026-06-30,Miguel Andujar,SD,3B/OF,2800,6.7,7.7,,H-slot4,
2026-06-30,Ty France,SD,1B,2600,5.8,8.1,,H-slot5,
2026-06-30,Jackson Merrill,SD,OF,3700,7.5,8.5,,H-slot6,
2026-06-30,Xander Bogaerts,SD,SS,3400,6.4,7.4,,H-slot7,
2026-06-30,Jase Bowen,SD,OF,2300,6.3,6.3,,H-slot8,
2026-06-30,Freddy Fermin,SD,C,2000,5.1,5.9,,H-slot9,
2026-06-30,Jose Altuve,HOU,2B,3600,8.3,9.7,,H-slot1,
2026-06-30,Yordan Alvarez,HOU,OF,6000,9.0,12.1,,H-slot2,
2026-06-30,Isaac Paredes,HOU,3B,3500,7.3,8.8,,H-slot3,
2026-06-30,Christian Walker,HOU,1B,3700,7.5,9.9,,H-slot4,
2026-06-30,Cam Smith,HOU,OF,2500,6.5,7.7,,H-slot5,
2026-06-30,Taylor Trammell,HOU,OF,2700,6.0,6.9,,H-slot6,
2026-06-30,Yainer Diaz,HOU,C,3000,6.6,7.5,,H-slot7,
2026-06-30,Nick Allen,HOU,2B/3B,2000,4.2,4.8,,H-slot8,
2026-06-30,Raynel Delgado,HOU,2B/3B,2100,6.4,7.6,,H-slot9,
2026-06-30,Trevor Larnach,MIN,OF,4000,8.1,9.0,,H-slot1,
2026-06-30,Brooks Lee,MIN,3B,3600,6.8,8.8,,H-slot2,
2026-06-30,Kody Clemens,MIN,2B/OF,4400,8.0,10.1,,H-slot3,
2026-06-30,Josh Bell,MIN,1B,3100,7.1,8.3,,H-slot4,
2026-06-30,Royce Lewis,MIN,1B,3600,7.4,8.9,,H-slot5,
2026-06-30,Victor Caratini,MIN,C,3400,6.7,7.8,,H-slot6,
2026-06-30,Ryan Kreidler,MIN,OF/SS,2900,7.0,8.9,,H-slot7,
2026-06-30,Tristan Gray,MIN,SS,2800,6.8,7.8,,H-slot8,
2026-06-30,Austin Martin,MIN,OF,3200,6.5,6.8,,H-slot9,
2026-06-30,Jake McCarthy,COL,OF,4600,9.9,11.0,,H-slot1,
2026-06-30,Mickey Moniak,COL,OF,5100,10.1,13.2,,H-slot2,
2026-06-30,Hunter Goodman,COL,C,6200,10.1,13.5,,H-slot3,
2026-06-30,TJ Rumfield,COL,1B,4800,8.9,10.5,,H-slot4,
2026-06-30,Cole Carrigg,COL,OF,3900,8.7,10.5,,H-slot5,
2026-06-30,Tyler Freeman,COL,OF,4500,8.1,8.7,,H-slot6,
2026-06-30,Edouard Julien,COL,2B,4100,6.7,7.1,,H-slot7,
2026-06-30,Kyle Karros,COL,3B,3200,6.0,6.8,,H-slot8,
2026-06-30,Ezequiel Tovar,COL,SS,4700,7.8,8.6,,H-slot9,
2026-06-30,Liam Hicks,MIA,C,5400,9.3,10.7,,H-slot1,
2026-06-30,Kyle Stowers,MIA,1B/OF,5000,11.2,12.6,,H-slot2,
2026-06-30,Griffin Conine,MIA,1B/OF,4100,10.3,12.2,,H-slot3,
2026-06-30,Xavier Edwards,MIA,2B,5100,10.5,11.2,,H-slot4,
2026-06-30,Jakob Marsee,MIA,OF,4700,12.0,12.5,,H-slot5,
2026-06-30,Owen Caissie,MIA,OF,3900,9.3,11.0,,H-slot6,
2026-06-30,Javier Sanoja,MIA,3B,3700,8.4,8.8,,H-slot7,
2026-06-30,Joe Mack,MIA,C,3800,8.8,10.0,,H-slot8,
2026-06-30,Leo Jiménez,MIA,3B,3200,6.7,6.7,,H-slot9,
2026-06-30,Henry Bolte,ATH,OF,3500,7.5,8.1,,H-slot1,
2026-06-30,Shea Langeliers,ATH,C,5800,8.3,10.8,,H-slot2,
2026-06-30,Nick Kurtz,ATH,1B,6400,10.0,12.2,,H-slot3,
2026-06-30,Jonah Heim,ATH,C,3100,5.7,7.9,,H-slot4,
2026-06-30,Joey Meneses,ATH,1B,2100,5.4,5.4,,H-slot5,
2026-06-30,Colby Thomas,ATH,OF,2800,7.0,8.1,,H-slot6,
2026-06-30,Max Muncy,ATH,3B,5100,5.5,7.7,,H-slot7,
2026-06-30,Alika Williams,ATH,SS,3000,6.4,7.0,,H-slot8,
2026-06-30,Joshua Kuroda-Grauer,ATH,2B/SS,2000,6.2,7.4,,H-slot9,
2026-06-30,Shohei Ohtani,LAD,1B/OF,6600,13.0,15.2,,H-slot1,
2026-06-30,Andy Pages,LAD,OF,5300,8.6,10.5,,H-slot2,
2026-06-30,Freddie Freeman,LAD,1B,5600,9.2,10.8,,H-slot3,
2026-06-30,Mookie Betts,LAD,SS,4800,8.8,11.0,,H-slot4,
2026-06-30,Teoscar Hernández,LAD,OF,4300,8.7,10.2,,H-slot5,
2026-06-30,Kyle Tucker,LAD,OF,4900,9.6,10.5,,H-slot6,
2026-06-30,Tommy Edman,LAD,2B/OF,3700,7.3,7.3,,H-slot7,
2026-06-30,Miguel Rojas,LAD,2B,2700,7.0,7.6,,H-slot8,
2026-06-30,Dalton Rushing,LAD,C,4200,5.8,7.9,,H-slot9,
2026-06-30,J.P. Crawford,SEA,3B,3400,6.2,7.8,,H-slot1,
2026-06-30,Julio Rodríguez,SEA,OF,4700,7.8,9.5,,H-slot2,
2026-06-30,Josh Naylor,SEA,1B,4200,7.8,8.9,,H-slot3,
2026-06-30,Randy Arozarena,SEA,OF,5000,6.9,8.0,,H-slot4,
2026-06-30,Cal Raleigh,SEA,C,4500,7.8,9.3,,H-slot5,
2026-06-30,Cole Young,SEA,2B,3100,4.9,5.8,,H-slot6,
2026-06-30,Colt Emerson,SEA,SS,3700,6.0,8.3,,H-slot7,
2026-06-30,Victor Robles,SEA,OF,2400,7.2,7.2,,H-slot8,
2026-06-30,Weston Wilson,SEA,3B,2500,6.0,6.7,,H-slot9,
2026-06-30,Zach Neto,LAA,SS,4900,7.7,9.8,,H-slot1,
2026-06-30,Vaughn Grissom,LAA,1B,2700,6.4,7.4,,H-slot2,
2026-06-30,Nolan Schanuel,LAA,1B,3300,5.8,6.8,,H-slot3,
2026-06-30,Jorge Soler,LAA,OF,3700,6.1,7.9,,H-slot4,
2026-06-30,Wade Meckler,LAA,OF,3200,6.0,6.8,,H-slot5,
2026-06-30,Jo Adell,LAA,OF,3500,6.4,7.7,,H-slot6,
2026-06-30,Josh Lowe,LAA,OF,2400,5.9,7.6,,H-slot7,
2026-06-30,Logan O'Hoppe,LAA,C,2600,5.0,5.8,,H-slot8,
2026-06-30,Donovan Walton,LAA,2B,3000,5.4,6.7,,H-slot9,
2026-06-30,Ketel Marte,AZ,2B,4800,10.8,12.8,,H-slot1,
2026-06-30,Geraldo Perdomo,AZ,SS,3800,9.6,10.3,,H-slot2,
2026-06-30,Corbin Carroll,AZ,OF,5300,10.5,12.2,,H-slot3,
2026-06-30,Gabriel Moreno,AZ,C,3900,8.2,9.4,,H-slot4,
2026-06-30,Lourdes Gurriel Jr.,AZ,OF,2800,8.2,8.5,,H-slot5,
2026-06-30,Max Kepler,AZ,OF,2500,7.1,7.1,,H-slot6,
2026-06-30,Nolan Arenado,AZ,3B,3000,7.0,8.1,,H-slot7,
2026-06-30,Pavin Smith,AZ,1B,2500,8.3,8.9,,H-slot8,
2026-06-30,Jorge Barrosa,AZ,OF,2300,7.1,7.7,,H-slot9,
2026-06-30,Luis Arraez,SF,2B,3800,8.3,8.7,,H-slot1,
2026-06-30,Bryce Eldridge,SF,1B,3200,8.8,10.5,,H-slot2,
2026-06-30,Casey Schmitt,SF,OF,4200,8.1,10.4,,H-slot3,
2026-06-30,Rafael Devers,SF,1B,3500,9.7,11.4,,H-slot4,
2026-06-30,Jung Hoo Lee,SF,OF,3700,7.7,8.4,,H-slot5,
2026-06-30,Heliot Ramos,SF,OF,3600,8.1,9.0,,H-slot6,
2026-06-30,Matt Chapman,SF,3B,3400,8.7,9.5,,H-slot7,
2026-06-30,Drew Gilbert,SF,OF,2900,7.6,8.2,,H-slot8,
2026-06-30,Drew Cavanaugh,SF,C,2500,7.4,7.4,,H-slot9,
2026-07-01,Michael McGreevy,STL,P,7200,9.6,9.6,,P-prop,
2026-07-01,Seth Lugo,KC,P,7700,10.0,10.0,,P-prop,
2026-07-01,Shane McClanahan,TB,P,8500,13.2,13.2,,P-prop,
2026-07-01,Shane Drohan,MIL,P,7000,15.3,15.3,,P-prop,
2026-07-01,Andrew Abbott,CIN,P,7500,12.5,12.5,,P-prop,
2026-07-01,Taj Bradley,MIN,P,8300,16.8,16.8,,P-prop,
2026-07-01,Tatsuya Imai,HOU,P,7300,17.5,17.5,,P-prop,
2026-07-01,Kyle Freeland,COL,P,5000,8.6,8.6,,P-prop,
2026-07-01,Max Meyer,MIA,P,8800,16.4,16.4,,P-prop,
2026-07-01,Trevor McDonald,SF,P,6700,9.8,9.8,,P-prop,
2026-07-01,Zac Gallen,ARI,P,6000,11.1,11.1,,P-prop,
2026-07-01,JT Ginn,ATH,P,8000,10.3,10.3,,P-prop,
2026-07-01,Drake Baldwin,ATL,C,4800,9.8,12.2,,H-slot1,
2026-07-01,Ozzie Albies,ATL,2B,4200,8.2,9.7,,H-slot2,
2026-07-01,Matt Olson,ATL,1B,4900,9.0,11.5,,H-slot3,
2026-07-01,Michael Harris II,ATL,OF,4300,8.2,10.3,,H-slot4,
2026-07-01,Mauricio Dubón,ATL,OF,3300,6.8,7.9,,H-slot5,
2026-07-01,Dominic Smith,ATL,OF,3200,7.4,8.7,,H-slot6,
2026-07-01,Austin Riley,ATL,3B,3500,7.7,8.7,,H-slot7,
2026-07-01,Mike Yastrzemski,ATL,OF,2500,7.3,8.0,,H-slot8,
2026-07-01,Jorge Mateo,ATL,SS,3100,7.9,9.2,,H-slot9,
2026-07-01,JJ Wetherholt,STL,2B,4500,7.8,9.4,,H-slot1,
2026-07-01,Iván Herrera,STL,C,4100,8.5,9.7,,H-slot2,
2026-07-01,Alec Burleson,STL,1B,4100,7.7,9.4,,H-slot3,
2026-07-01,Jordan Walker,STL,OF,5000,6.3,8.6,,H-slot4,
2026-07-01,Lars Nootbaar,STL,OF,3500,6.7,7.7,,H-slot5,
2026-07-01,Masyn Winn,STL,SS,3600,6.8,7.2,,H-slot6,
2026-07-01,Nathan Church,STL,OF,2800,6.8,7.9,,H-slot7,
2026-07-01,Blaze Jordan,STL,3B,2900,6.6,7.3,,H-slot8,
2026-07-01,Jimmy Crooks,STL,C,2100,6.5,7.2,,H-slot9,
2026-07-01,Lane Thomas,KC,OF,3200,8.4,9.4,,H-slot1,
2026-07-01,Bobby Witt Jr.,KC,SS,6100,10.7,12.2,,H-slot2,
2026-07-01,Jac Caglianone,KC,1B,4600,5.5,7.6,,H-slot3,
2026-07-01,Starling Marte,KC,OF,2900,7.7,8.1,,H-slot4,
2026-07-01,Salvador Perez,KC,1B/C,3400,7.4,8.7,,H-slot5,
2026-07-01,Carter Jensen,KC,C,4500,7.1,8.7,,H-slot6,
2026-07-01,Nick Loftin,KC,3B,3100,5.4,6.1,,H-slot7,
2026-07-01,Tyler Tolbert,KC,3B/OF,2600,6.8,6.8,,H-slot8,
2026-07-01,Michael Massey,KC,2B,3400,5.9,7.2,,H-slot9,
2026-07-01,Yandy Díaz,TB,1B/3B,5100,8.3,9.9,,H-slot1,
2026-07-01,Jonathan Aranda,TB,1B,4300,8.8,10.5,,H-slot2,
2026-07-01,Junior Caminero,TB,3B,6300,9.2,12.1,,H-slot3,
2026-07-01,Victor Mesa Jr.,TB,OF,3100,7.7,9.5,,H-slot4,
2026-07-01,Chandler Simpson,TB,OF,4000,8.2,8.2,,H-slot5,
2026-07-01,Cedric Mullins,TB,OF,3200,8.1,9.3,,H-slot6,
2026-07-01,Taylor Walls,TB,SS,2700,6.5,6.5,,H-slot7,
2026-07-01,Richie Palacios,TB,2B,3500,7.5,7.7,,H-slot8,
2026-07-01,Hunter Feduccia,TB,C,2200,6.8,7.1,,H-slot9,
2026-07-01,Jose Altuve,HOU,2B,3600,9.0,10.4,,H-slot1,
2026-07-01,Yordan Alvarez,HOU,OF,6000,9.7,12.9,,H-slot2,
2026-07-01,Isaac Paredes,HOU,3B,3600,7.9,9.3,,H-slot3,
2026-07-01,Christian Walker,HOU,1B,3800,8.1,10.4,,H-slot4,
2026-07-01,Cam Smith,HOU,OF,2600,7.0,8.4,,H-slot5,
2026-07-01,Taylor Trammell,HOU,OF,2800,6.5,7.7,,H-slot6,
2026-07-01,Yainer Diaz,HOU,C,3200,7.1,7.9,,H-slot7,
2026-07-01,Joey Loperfido,HOU,OF,2700,6.6,6.9,,H-slot8,
2026-07-01,Raynel Delgado,HOU,2B/3B,2000,6.9,8.1,,H-slot9,
2026-07-01,Trevor Larnach,MIN,OF,3900,8.2,9.1,,H-slot1,
2026-07-01,Brooks Lee,MIN,3B,3700,6.9,8.8,,H-slot2,
2026-07-01,Kody Clemens,MIN,2B/OF,4400,8.1,10.1,,H-slot3,
2026-07-01,Josh Bell,MIN,1B,3100,7.2,8.5,,H-slot4,
2026-07-01,Royce Lewis,MIN,1B,3600,7.5,9.1,,H-slot5,
2026-07-01,Victor Caratini,MIN,C,3500,6.8,8.0,,H-slot6,
2026-07-01,Ryan Kreidler,MIN,OF/SS,3000,7.1,8.9,,H-slot7,
2026-07-01,Tristan Gray,MIN,SS,2800,6.9,7.9,,H-slot8,
2026-07-01,Luke Keaschall,MIN,2B/OF,3300,8.4,8.6,,H-slot9,
2026-07-01,Jackson Chourio,MIL,OF,5600,9.0,11.4,,H-slot1,
2026-07-01,Brice Turang,MIL,2B,5400,8.4,9.9,,H-slot2,
2026-07-01,William Contreras,MIL,C,4700,7.9,9.1,,H-slot3,
2026-07-01,Jake Bauers,MIL,1B/OF,4400,7.7,9.9,,H-slot4,
2026-07-01,Andrew Vaughn,MIL,1B,3700,6.4,7.0,,H-slot5,
2026-07-01,Garrett Mitchell,MIL,OF,3100,7.5,8.5,,H-slot6,
2026-07-01,Gary Sánchez,MIL,C,3900,6.6,8.7,,H-slot7,
2026-07-01,Cooper Pratt,MIL,SS,3400,6.5,6.5,,H-slot8,
2026-07-01,Joey Ortiz,MIL,3B/SS,2500,6.0,6.4,,H-slot9,
2026-07-01,Elly De La Cruz,CIN,SS,5200,9.6,11.7,,H-slot1,
2026-07-01,Sal Stewart,CIN,1B/3B,4700,7.3,9.3,,H-slot2,
2026-07-01,Spencer Steer,CIN,1B/OF,4000,7.6,9.4,,H-slot3,
2026-07-01,Eugenio Suárez,CIN,3B,4000,8.1,9.7,,H-slot4,
2026-07-01,Tyler Stephenson,CIN,C,2900,7.1,8.2,,H-slot5,
2026-07-01,Noelvi Marte,CIN,OF,2700,6.7,8.3,,H-slot6,
2026-07-01,Ivan Johnson,CIN,2B/SS,2000,6.5,6.5,,H-slot7,
2026-07-01,Matt McLain,CIN,2B/SS,3200,6.0,7.1,,H-slot8,
2026-07-01,Edwin Arroyo,CIN,2B,2500,6.2,6.2,,H-slot9,
2026-07-01,Jake McCarthy,COL,OF,4500,10.0,11.1,,H-slot1,
2026-07-01,Mickey Moniak,COL,OF,5000,10.2,13.3,,H-slot2,
2026-07-01,Hunter Goodman,COL,C,6200,10.3,13.7,,H-slot3,
2026-07-01,TJ Rumfield,COL,1B,4800,9.0,10.5,,H-slot4,
2026-07-01,Willi Castro,COL,2B/3B,4800,8.6,9.5,,H-slot5,
2026-07-01,Tyler Freeman,COL,OF,4300,8.2,8.8,,H-slot6,
2026-07-01,Troy Johnston,COL,OF,4900,8.4,8.8,,H-slot7,
2026-07-01,Kyle Karros,COL,3B,3200,6.1,6.8,,H-slot8,
2026-07-01,Ezequiel Tovar,COL,SS,4600,7.9,8.7,,H-slot9,
2026-07-01,Otto Lopez,MIA,SS,5500,10.5,11.4,,H-slot1,
2026-07-01,Esteury Ruiz,MIA,OF,4100,10.3,12.2,,H-slot2,
2026-07-01,Liam Hicks,MIA,C,5400,9.0,11.0,,H-slot3,
2026-07-01,Heriberto Hernández,MIA,OF,4500,10.7,12.5,,H-slot4,
2026-07-01,Javier Sanoja,MIA,3B,3800,9.0,9.6,,H-slot5,
2026-07-01,Kyle Stowers,MIA,1B/OF,5000,10.4,11.7,,H-slot6,
2026-07-01,Leo Jiménez,MIA,3B,3200,7.2,7.2,,H-slot7,
2026-07-01,Brian Navarreto,MIA,C,3000,9.0,9.0,,H-slot8,
2026-07-01,Owen Caissie,MIA,OF,3900,8.8,10.5,,H-slot9,
2026-07-01,Shea Langeliers,ATH,C,5800,9.0,11.5,,H-slot1,
2026-07-01,Nick Kurtz,ATH,1B,6500,10.9,13.1,,H-slot2,
2026-07-01,Colby Thomas,ATH,OF,3000,8.0,10.1,,H-slot3,
2026-07-01,Jonah Heim,ATH,C,3300,6.1,8.2,,H-slot4,
2026-07-01,Joshua Kuroda-Grauer,ATH,2B/SS,2000,7.3,7.3,,H-slot5,
2026-07-01,Lawrence Butler,ATH,OF,3300,8.0,8.9,,H-slot6,
2026-07-01,Henry Bolte,ATH,OF,3700,7.0,7.5,,H-slot7,
2026-07-01,Jeff McNeil,ATH,2B,2700,6.4,6.8,,H-slot8,
2026-07-01,Alika Williams,ATH,SS,3300,6.6,7.2,,H-slot9,
2026-07-01,Shohei Ohtani,LAD,1B/OF,6600,11.9,14.2,,H-slot1,
2026-07-01,Andy Pages,LAD,OF,5300,7.8,9.8,,H-slot2,
2026-07-01,Freddie Freeman,LAD,1B,5700,8.4,10.0,,H-slot3,
2026-07-01,Mookie Betts,LAD,SS,5000,8.0,10.1,,H-slot4,
2026-07-01,Max Muncy,LAD,3B,5200,8.2,10.6,,H-slot5,
2026-07-01,Kyle Tucker,LAD,OF,5100,8.7,9.6,,H-slot6,
2026-07-01,Tommy Edman,LAD,2B/OF,3700,6.6,7.6,,H-slot7,
2026-07-01,Alex Freeland,LAD,2B,2900,6.5,7.1,,H-slot8,
2026-07-01,Chuckie Robinson,LAD,C,2400,6.3,6.3,,H-slot9,
2026-07-01,Ketel Marte,AZ,2B,4800,10.8,13.0,,H-slot1,
2026-07-01,Geraldo Perdomo,AZ,SS,3800,9.6,10.3,,H-slot2,
2026-07-01,Corbin Carroll,AZ,OF,5400,10.5,12.2,,H-slot3,
2026-07-01,Gabriel Moreno,AZ,C,4000,8.2,9.3,,H-slot4,
2026-07-01,Lourdes Gurriel Jr.,AZ,OF,3000,8.2,8.8,,H-slot5,
2026-07-01,Adrian Del Castillo,AZ,C,2800,8.0,9.1,,H-slot6,
2026-07-01,Nolan Arenado,AZ,3B,3300,7.0,8.2,,H-slot7,
2026-07-01,Pavin Smith,AZ,1B,2500,8.3,8.8,,H-slot8,
2026-07-01,Tommy Troy,AZ,OF,2700,7.1,8.2,,H-slot9,
2026-07-01,Luis Arraez,SF,2B,3900,8.1,8.6,,H-slot1,
2026-07-01,Casey Schmitt,SF,OF,4200,8.1,10.4,,H-slot2,
2026-07-01,Bryce Eldridge,SF,1B,3200,8.4,10.0,,H-slot3,
2026-07-01,Rafael Devers,SF,1B,3500,9.5,11.3,,H-slot4,
2026-07-01,Heliot Ramos,SF,OF,3600,8.1,9.2,,H-slot5,
2026-07-01,Jung Hoo Lee,SF,OF,3700,7.3,8.0,,H-slot6,
2026-07-01,Victor Bericoto,SF,OF,2500,7.6,11.0,,H-slot7,
2026-07-01,Drew Cavanaugh,SF,C,2300,7.4,7.4,,H-slot8,
2026-07-01,Christian Koss,SF,2B/SS,2000,7.0,7.0,,H-slot9,
2026-07-02,Davis Martin,CWS,P,8500,14.9,14.9,,P-prop,
2026-07-02,Slade Cecconi,CLE,P,6500,14.0,14.0,,P-prop,
2026-07-02,Dustin May,STL,P,7500,14.0,14.0,,P-prop,
2026-07-02,Stephen Kolek,KC,P,6800,8.6,8.6,,P-prop,
2026-07-02,Ian Seymour,TB,P,8000,12.9,12.9,,P-prop,
2026-07-02,Nathan Eovaldi,TEX,P,9000,20.0,20.0,,P-prop,
2026-07-02,Framber Valdez,DET,P,7300,16.9,16.9,,P-prop,
2026-07-02,Walbert Urena,LAA,P,8300,14.2,14.2,,P-prop,
2026-07-02,Bryce Miller,SEA,P,9500,23.5,23.5,,P-prop,
2026-07-02,Roki Sasaki,LAD,P,7700,15.5,15.5,,P-prop,
2026-07-02,Randy Vasquez,SD,P,6300,7.0,7.0,,P-prop,
2026-07-02,Travis Bazzana,CLE,2B,4600,8.2,9.6,,H-slot1,
2026-07-02,Chase DeLauter,CLE,OF,3600,8.0,9.1,,H-slot2,
2026-07-02,Kyle Manzardo,CLE,1B,3400,7.7,9.3,,H-slot3,
2026-07-02,Kahlil Watson,CLE,OF,2700,7.7,8.7,,H-slot4,
2026-07-02,Brayan Rocchio,CLE,SS,3200,6.5,7.2,,H-slot5,
2026-07-02,Cooper Ingle,CLE,OF,2600,7.3,7.3,,H-slot6,
2026-07-02,Gabriel Arias,CLE,3B,2300,6.4,8.1,,H-slot7,
2026-07-02,Patrick Bailey,CLE,C,2300,5.9,6.4,,H-slot8,
2026-07-02,Steven Kwan,CLE,OF,3000,6.9,7.0,,H-slot9,
2026-07-02,Sam Antonacci,CWS,OF,4300,8.0,8.9,,H-slot1,
2026-07-02,Miguel Vargas,CWS,1B/3B,5600,7.1,9.5,,H-slot2,
2026-07-02,Kyle Teel,CWS,C,3700,7.9,9.4,,H-slot3,
2026-07-02,Andrew Benintendi,CWS,OF,3400,7.2,8.9,,H-slot4,
2026-07-02,Colson Montgomery,CWS,3B/SS,4400,9.0,11.6,,H-slot5,
2026-07-02,Braden Montgomery,CWS,OF,3300,7.1,8.1,,H-slot6,
2026-07-02,Chase Meidroth,CWS,2B,3900,5.9,6.6,,H-slot7,
2026-07-02,Tristan Peters,CWS,OF,2800,6.8,7.4,,H-slot8,
2026-07-02,Jacob Gonzalez,CWS,1B,2600,6.6,7.5,,H-slot9,
2026-07-02,Drake Baldwin,ATL,C,4500,8.9,11.3,,H-slot1,
2026-07-02,Ozzie Albies,ATL,2B,4000,7.5,9.0,,H-slot2,
2026-07-02,Matt Olson,ATL,1B,4800,8.2,10.7,,H-slot3,
2026-07-02,Michael Harris II,ATL,OF,4200,7.4,9.5,,H-slot4,
2026-07-02,Mauricio Dubón,ATL,OF,3200,6.2,7.3,,H-slot5,
2026-07-02,Dominic Smith,ATL,OF,3100,6.7,8.0,,H-slot6,
2026-07-02,Austin Riley,ATL,3B,3300,7.0,8.0,,H-slot7,
2026-07-02,Mike Yastrzemski,ATL,OF,2300,6.7,7.4,,H-slot8,
2026-07-02,Jim Jarvis,ATL,SS,2000,6.5,7.7,,H-slot9,
2026-07-02,Carter Jensen,KC,C,4400,7.6,9.4,,H-slot1,
2026-07-02,Bobby Witt Jr.,KC,SS,6100,10.1,11.6,,H-slot2,
2026-07-02,Jac Caglianone,KC,1B,4600,5.2,7.3,,H-slot3,
2026-07-02,Lane Thomas,KC,OF,3100,7.4,8.4,,H-slot4,
2026-07-02,Starling Marte,KC,OF,2900,7.1,7.5,,H-slot5,
2026-07-02,Nick Loftin,KC,3B,2900,5.2,5.9,,H-slot6,
2026-07-02,Michael Massey,KC,2B,3600,5.8,7.1,,H-slot7,
2026-07-02,Isaac Collins,KC,OF,2600,7.0,7.4,,H-slot8,
2026-07-02,Kameron Misner,KC,OF,2400,5.6,5.6,,H-slot9,
2026-07-02,Yandy Díaz,TB,1B/3B,5300,8.8,10.4,,H-slot1,
2026-07-02,Jonathan Aranda,TB,1B,4300,9.3,11.0,,H-slot2,
2026-07-02,Junior Caminero,TB,3B,6300,9.7,12.6,,H-slot3,
2026-07-02,Victor Mesa Jr.,TB,OF,3200,8.1,9.9,,H-slot4,
2026-07-02,Chandler Simpson,TB,OF,3900,8.7,8.7,,H-slot5,
2026-07-02,Cedric Mullins,TB,OF,3300,8.5,9.7,,H-slot6,
2026-07-02,Taylor Walls,TB,SS,2700,6.9,6.9,,H-slot7,
2026-07-02,Richie Palacios,TB,2B,3500,7.9,8.1,,H-slot8,
2026-07-02,Hunter Feduccia,TB,C,2400,7.2,7.5,,H-slot9,
2026-07-02,Justin Foscue,TEX,2B,3400,6.7,9.0,,H-slot1,
2026-07-02,Josh Jung,TEX,3B,4200,6.2,7.4,,H-slot2,
2026-07-02,Ezequiel Duran,TEX,OF/SS,3800,5.0,5.9,,H-slot3,
2026-07-02,Jake Burger,TEX,1B,3800,6.4,8.2,,H-slot4,
2026-07-02,Kyle Higashioka,TEX,C,2600,6.3,7.6,,H-slot5,
2026-07-02,Cam Cauley,TEX,SS,2000,6.0,6.0,,H-slot6,
2026-07-02,Elias Díaz,TEX,C,2800,5.0,6.8,,H-slot7,
2026-07-02,Alejandro Osuna,TEX,OF,2500,4.6,4.6,,H-slot8,
2026-07-02,Nicky Lopez,TEX,2B,2500,4.0,4.4,,H-slot9,
2026-07-02,Kevin McGonigle,DET,3B/SS,4500,6.7,7.6,,H-slot1,
2026-07-02,Dillon Dingler,DET,C,5200,6.1,8.7,,H-slot2,
2026-07-02,Kerry Carpenter,DET,OF,3500,7.5,10.3,,H-slot3,
2026-07-02,Riley Greene,DET,OF,4000,7.1,8.4,,H-slot4,
2026-07-02,Colt Keith,DET,3B,3200,5.8,6.7,,H-slot5,
2026-07-02,Spencer Torkelson,DET,1B,3600,5.9,7.6,,H-slot6,
2026-07-02,Zach McKinstry,DET,2B/SS,2300,6.0,6.6,,H-slot7,
2026-07-02,James Outman,DET,OF,2400,4.3,5.3,,H-slot8,
2026-07-02,Hao-Yu Lee,DET,2B,2200,5.6,6.4,,H-slot9,
2026-07-02,J.P. Crawford,SEA,3B,3400,6.1,7.7,,H-slot1,
2026-07-02,Julio Rodríguez,SEA,OF,4500,7.7,9.4,,H-slot2,
2026-07-02,Dominic Canzone,SEA,OF,3600,6.5,9.1,,H-slot3,
2026-07-02,Randy Arozarena,SEA,OF,4900,6.8,7.8,,H-slot4,
2026-07-02,Josh Naylor,SEA,1B,4100,7.3,8.3,,H-slot5,
2026-07-02,Cal Raleigh,SEA,C,4300,7.5,8.9,,H-slot6,
2026-07-02,Luke Raley,SEA,OF,4100,6.1,8.6,,H-slot7,
2026-07-02,Cole Young,SEA,2B,3100,4.6,5.6,,H-slot8,
2026-07-02,Colt Emerson,SEA,SS,3500,5.6,7.6,,H-slot9,
2026-07-03,Gerrit Cole,NYY,P,9100,17.4,17.4,8.0,P-prop,
2026-07-03,Mike Paredes,MIN,P,5200,7.5,7.5,0.9,P-prop,
2026-07-03,Brady Singer,CIN,P,5500,12.1,12.1,11.7,P-prop,
2026-07-03,Trevor Rogers,BAL,P,6700,15.0,15.0,13.0,P-prop,
2026-07-03,Anthony Kay,CWS,P,6500,14.0,14.0,10.3,P-prop,
2026-07-03,Gavin Williams,CLE,P,8900,19.5,19.5,11.4,P-prop,
2026-07-03,Christian Scott,NYM,P,7200,13.7,13.7,4.9,P-prop,
2026-07-03,Grant Holmes,ATL,P,7000,12.7,12.7,3.7,P-prop,
2026-07-03,Logan Webb,SF,P,8400,14.1,14.1,2.3,P-prop,
2026-07-03,Ryan Feltner,COL,P,5000,7.0,7.0,0.8,P-prop,
2026-07-03,Nick Martinez,TB,P,7400,13.2,13.2,3.3,P-prop,
2026-07-03,Spencer Arrighetti,HOU,P,8600,13.7,13.7,1.7,P-prop,
2026-07-03,Jake Bennett,BOS,P,7700,14.4,14.4,4.4,P-prop,
2026-07-03,Reid Detmers,LAA,P,8300,20.9,20.9,26.3,P-prop,
2026-07-03,Jack Perkins,ATH,P,6300,14.2,14.2,13.5,P-prop,
2026-07-03,Tyler Phillips,MIA,P,5700,11.2,11.2,5.9,P-prop,
2026-07-03,Jose Cabrera,ARI,P,6000,11.4,11.4,4.8,P-prop,
2026-07-03,Kyle Harrison,MIL,P,9700,16.7,16.7,4.3,P-prop,
2026-07-03,Michael King,SD,P,8000,11.9,11.9,1.1,P-prop,
2026-07-03,Shohei Ohtani,LAD,P,10700,24.0,24.0,20.8,P-prop,
2026-07-03,Dylan Cease,TOR,P,10200,24.6,24.6,32.2,P-prop,
2026-07-03,Luis Castillo,SEA,P,6900,15.8,15.8,14.8,P-prop,
2026-07-03,Trent Grisham,NYY,OF,4100,8.9,10.3,6.7,H-slot1,
2026-07-03,Ben Rice,NYY,1B,5200,8.6,11.6,2.1,H-slot2,
2026-07-03,Jasson Domínguez,NYY,OF,3300,8.7,10.0,18.1,H-slot3,
2026-07-03,Cody Bellinger,NYY,OF,4800,8.7,10.0,1.8,H-slot4,
2026-07-03,Paul Goldschmidt,NYY,1B,4100,7.3,9.9,1.3,H-slot5,
2026-07-03,Jazz Chisholm Jr.,NYY,2B,4300,9.2,10.7,3.0,H-slot6,
2026-07-03,Ryan McMahon,NYY,3B,2500,6.7,7.9,7.9,H-slot7,
2026-07-03,José Caballero,NYY,3B/OF,3400,8.3,9.5,4.4,H-slot8,
2026-07-03,Austin Wells,NYY,C,2300,6.9,7.7,11.1,H-slot9,
2026-07-03,Trevor Larnach,MIN,OF,3900,8.4,9.3,5.2,H-slot1,
2026-07-03,Brooks Lee,MIN,3B,3700,7.1,9.0,3.0,H-slot2,
2026-07-03,Kody Clemens,MIN,2B/OF,4400,8.3,10.4,3.2,H-slot3,
2026-07-03,Josh Bell,MIN,1B,3100,7.4,8.8,8.1,H-slot4,
2026-07-03,Royce Lewis,MIN,1B,3500,7.6,9.2,4.6,H-slot5,
2026-07-03,Victor Caratini,MIN,C,3400,7.0,8.2,5.2,H-slot6,
2026-07-03,Ryan Kreidler,MIN,OF/SS,2900,7.2,8.9,7.9,H-slot7,
2026-07-03,Tristan Gray,MIN,SS,2700,7.1,8.0,7.4,H-slot8,
2026-07-03,Luke Keaschall,MIN,2B/OF,3200,8.6,9.0,5.3,H-slot9,
2026-07-03,Elly De La Cruz,CIN,SS,5500,10.9,12.9,9.0,H-slot1,
2026-07-03,Sal Stewart,CIN,1B/3B,4700,8.3,10.4,2.7,H-slot2,
2026-07-03,Spencer Steer,CIN,1B/OF,4200,8.6,10.4,3.5,H-slot3,
2026-07-03,Eugenio Suárez,CIN,3B,4000,9.2,10.7,4.6,H-slot4,
2026-07-03,Noelvi Marte,CIN,OF,3000,7.8,9.7,10.8,H-slot5,
2026-07-03,JJ Bleday,CIN,OF,4400,7.4,9.6,0.8,H-slot6,
2026-07-03,Tyler Stephenson,CIN,C,3200,7.7,8.7,8.9,H-slot7,
2026-07-03,Matt McLain,CIN,2B/SS,3300,6.8,7.8,3.5,H-slot8,
2026-07-03,Edwin Arroyo,CIN,2B,2600,7.0,7.0,6.9,H-slot9,
2026-07-03,Gunnar Henderson,BAL,SS,5300,10.3,12.2,7.6,H-slot1,
2026-07-03,Adley Rutschman,BAL,C,4200,7.5,9.0,4.4,H-slot2,
2026-07-03,Taylor Ward,BAL,OF,4700,8.5,9.1,2.0,H-slot3,
2026-07-03,Pete Alonso,BAL,1B,5700,8.9,11.1,1.0,H-slot4,
2026-07-03,Samuel Basallo,BAL,C,3600,7.7,9.6,4.0,H-slot5,
2026-07-03,Dylan Beavers,BAL,OF,3100,7.7,8.3,6.5,H-slot6,
2026-07-03,Colton Cowser,BAL,OF,3400,7.8,9.3,3.8,H-slot7,
2026-07-03,Blaze Alexander,BAL,3B,3500,6.7,7.3,1.7,H-slot8,
2026-07-03,Jackson Holliday,BAL,2B,3600,6.5,8.1,0.7,H-slot9,
2026-07-03,Travis Bazzana,CLE,2B,4600,7.7,9.1,2.0,H-slot1,
2026-07-03,David Fry,CLE,OF,3100,7.6,9.6,8.5,H-slot2,
2026-07-03,Chase DeLauter,CLE,OF,3600,7.3,8.4,1.6,H-slot3,
2026-07-03,Rhys Hoskins,CLE,1B,3600,7.3,8.5,1.3,H-slot4,
2026-07-03,Kyle Manzardo,CLE,1B,3300,6.9,8.4,2.4,H-slot5,
2026-07-03,Brayan Rocchio,CLE,SS,3400,5.9,6.7,1.7,H-slot6,
2026-07-03,Gabriel Arias,CLE,3B,2400,6.0,7.6,3.0,H-slot7,
2026-07-03,Austin Hedges,CLE,C,2600,4.3,4.9,0.9,H-slot8,
2026-07-03,Steven Kwan,CLE,OF,3000,6.4,6.5,0.9,H-slot9,
2026-07-03,Sam Antonacci,CWS,OF,4200,7.5,8.4,1.8,H-slot1,
2026-07-03,Miguel Vargas,CWS,1B/3B,5100,6.7,9.0,0.5,H-slot2,
2026-07-03,Kyle Teel,CWS,C,3700,7.4,8.7,3.0,H-slot3,
2026-07-03,Andrew Benintendi,CWS,OF,3500,6.8,8.4,2.6,H-slot4,
2026-07-03,Colson Montgomery,CWS,3B/SS,4400,8.4,11.0,1.0,H-slot5,
2026-07-03,Braden Montgomery,CWS,OF,3200,6.7,7.7,2.1,H-slot6,
2026-07-03,Chase Meidroth,CWS,2B,4000,5.5,6.3,0.3,H-slot7,
2026-07-03,Tristan Peters,CWS,OF,2800,6.3,6.9,1.6,H-slot8,
2026-07-03,Jacob Gonzalez,CWS,1B,2700,6.2,7.1,1.3,H-slot9,
2026-07-03,Drake Baldwin,ATL,C,4700,8.8,11.2,4.7,H-slot1,
2026-07-03,Ozzie Albies,ATL,2B,4200,7.4,9.0,2.7,H-slot2,
2026-07-03,Matt Olson,ATL,1B,5000,8.1,10.5,1.0,H-slot3,
2026-07-03,Mauricio Dubón,ATL,OF,3400,6.3,7.4,2.8,H-slot4,
2026-07-03,Michael Harris II,ATL,OF,4400,7.2,9.2,0.6,H-slot5,
2026-07-03,Dominic Smith,ATL,OF,3300,6.7,7.9,2.3,H-slot6,
2026-07-03,Austin Riley,ATL,3B,3500,7.0,7.9,1.9,H-slot7,
2026-07-03,Mike Yastrzemski,ATL,OF,2500,6.6,7.3,3.5,H-slot8,
2026-07-03,Jorge Mateo,ATL,SS,3100,7.2,8.5,3.1,H-slot9,
2026-07-03,A.J. Ewing,NYM,OF,3500,7.5,8.5,9.3,H-slot1,
2026-07-03,Juan Soto,NYM,OF,5800,10.1,12.8,1.6,H-slot2,
2026-07-03,Bo Bichette,NYM,3B/SS,4500,7.3,8.5,1.1,H-slot3,
2026-07-03,Francisco Lindor,NYM,SS,4300,8.7,10.0,3.1,H-slot4,
2026-07-03,Carson Benge,NYM,OF,4000,6.9,8.1,0.8,H-slot5,
2026-07-03,Jared Young,NYM,1B,2900,6.7,8.7,3.7,H-slot6,
2026-07-03,Francisco Alvarez,NYM,C,3300,6.6,8.4,3.1,H-slot7,
2026-07-03,Brett Baty,NYM,2B/3B,2500,6.3,6.7,4.7,H-slot8,
2026-07-03,Luis Torrens,NYM,C,2100,5.2,5.7,3.8,H-slot9,
2026-07-03,Jake McCarthy,COL,OF,4500,9.9,11.1,8.2,H-slot1,
2026-07-03,Mickey Moniak,COL,OF,5400,10.2,13.7,3.8,H-slot2,
2026-07-03,Hunter Goodman,COL,C,6200,10.2,13.7,3.3,H-slot3,
2026-07-03,TJ Rumfield,COL,1B,4800,9.0,10.5,2.4,H-slot4,
2026-07-03,Cole Carrigg,COL,OF,4000,8.8,10.4,3.2,H-slot5,
2026-07-03,Tyler Freeman,COL,OF,4400,8.1,8.7,1.3,H-slot6,
2026-07-03,Edouard Julien,COL,2B,4100,6.7,7.1,1.1,H-slot7,
2026-07-03,Kyle Karros,COL,3B,3300,6.1,6.9,2.0,H-slot8,
2026-07-03,Ezequiel Tovar,COL,SS,4600,7.8,8.6,0.8,H-slot9,
2026-07-03,Luis Arraez,SF,2B,4700,9.6,10.1,15.1,H-slot1,
2026-07-03,Casey Schmitt,SF,OF/SS,4900,9.6,11.8,11.9,H-slot2,
2026-07-03,Heliot Ramos,SF,OF,4400,10.1,11.5,9.0,H-slot3,
2026-07-03,Rafael Devers,SF,1B,4300,11.2,13.0,11.2,H-slot4,
2026-07-03,Jung Hoo Lee,SF,OF,4500,8.9,9.6,3.3,H-slot5,
2026-07-03,Willy Adames,SF,SS,4100,10.5,12.2,11.6,H-slot6,
2026-07-03,Bryce Eldridge,SF,1B,4000,9.0,10.4,3.2,H-slot7,
2026-07-03,Victor Bericoto,SF,OF,3300,8.8,12.8,9.5,H-slot8,
2026-07-03,Drew Cavanaugh,SF,C,3100,8.6,8.6,15.0,H-slot9,
2026-07-03,Jose Altuve,HOU,2B,3700,9.5,10.8,16.5,H-slot1,
2026-07-03,Yordan Alvarez,HOU,OF,6000,10.3,13.4,2.0,H-slot2,
2026-07-03,Isaac Paredes,HOU,3B,3600,8.4,9.8,5.2,H-slot3,
2026-07-03,Christian Walker,HOU,1B,3800,8.6,10.9,3.4,H-slot4,
2026-07-03,Cam Smith,HOU,OF,2700,7.4,8.8,11.1,H-slot5,
2026-07-03,Taylor Trammell,HOU,OF,2900,6.9,8.0,5.3,H-slot6,
2026-07-03,Yainer Diaz,HOU,C,3200,7.5,8.3,6.9,H-slot7,
2026-07-03,Jake Meyers,HOU,OF,3000,7.2,8.0,3.2,H-slot8,
2026-07-03,Nick Allen,HOU,2B/SS,2300,4.7,5.2,2.2,H-slot9,
2026-07-03,Yandy Díaz,TB,1B/3B,5300,8.4,10.0,1.7,H-slot1,
2026-07-03,Jonathan Aranda,TB,1B,4400,9.0,10.6,3.3,H-slot2,
2026-07-03,Junior Caminero,TB,3B,6300,9.3,12.2,0.9,H-slot3,
2026-07-03,Cedric Mullins,TB,OF,3400,8.6,10.1,9.2,H-slot4,
2026-07-03,Jonny DeLuca,TB,OF,3800,7.2,8.3,1.2,H-slot5,
2026-07-03,Victor Mesa Jr.,TB,OF,3200,7.4,9.0,4.1,H-slot6,
2026-07-03,Ben Williamson,TB,2B/SS,3000,5.9,6.3,2.9,H-slot7,
2026-07-03,Taylor Walls,TB,SS,2700,6.5,6.5,5.1,H-slot8,
2026-07-03,Nick Fortes,TB,C,2500,5.2,5.4,2.3,H-slot9,
2026-07-03,Zach Neto,LAA,SS,4700,9.4,11.6,6.4,H-slot1,
2026-07-03,Nolan Schanuel,LAA,1B,3200,7.3,8.2,9.8,H-slot2,
2026-07-03,Denzer Guzman,LAA,3B,3400,7.6,9.2,7.9,H-slot3,
2026-07-03,Jorge Soler,LAA,OF,3700,7.4,9.1,1.7,H-slot4,
2026-07-03,Vaughn Grissom,LAA,1B/3B,3000,7.3,8.2,6.0,H-slot5,
2026-07-03,Jo Adell,LAA,OF,3500,7.8,9.1,3.4,H-slot6,
2026-07-03,Jose Siri,LAA,OF,2800,6.5,8.5,3.0,H-slot7,
2026-07-03,Josh Lowe,LAA,OF,2500,7.0,8.5,4.5,H-slot8,
2026-07-03,Logan O'Hoppe,LAA,C,2700,6.0,6.7,2.7,H-slot9,
2026-07-03,Nate Eaton,BOS,OF,2700,7.2,8.8,17.4,H-slot1,
2026-07-03,Ceddanne Rafaela,BOS,OF,4200,7.4,8.4,1.5,H-slot2,
2026-07-03,Wilyer Abreu,BOS,OF,4400,7.7,8.9,1.1,H-slot3,
2026-07-03,Willson Contreras,BOS,1B,5400,7.3,9.6,0.4,H-slot4,
2026-07-03,Caleb Durbin,BOS,3B,2900,6.8,7.9,4.8,H-slot5,
2026-07-03,Romy Gonzalez,BOS,1B/2B,3000,7.4,7.4,4.1,H-slot6,
2026-07-03,Jarren Duran,BOS,OF,4300,7.4,8.8,0.4,H-slot7,
2026-07-03,Andruw Monasterio,BOS,2B/SS,2200,6.0,6.8,5.4,H-slot8,
2026-07-03,Carlos Narváez,BOS,C,2000,5.6,6.1,5.1,H-slot9,
2026-07-03,Nick Kurtz,ATH,1B,6500,12.1,14.4,4.7,H-slot1,
2026-07-03,Shea Langeliers,ATH,C,5500,9.6,12.1,5.2,H-slot2,
2026-07-03,Lawrence Butler,ATH,OF,3300,9.3,10.2,27.1,H-slot3,
2026-07-03,Colby Thomas,ATH,OF,3000,8.5,10.5,21.8,H-slot4,
2026-07-03,Joshua Kuroda-Grauer,ATH,3B,2300,7.9,7.9,37.2,H-slot5,
2026-07-03,Carlos Cortes,ATH,OF,3900,7.8,9.0,1.8,H-slot6,
2026-07-03,Henry Bolte,ATH,OF,3700,7.6,8.1,1.5,H-slot7,
2026-07-03,Jeff McNeil,ATH,2B,2700,7.0,7.4,9.2,H-slot8,
2026-07-03,Alika Williams,ATH,SS,3200,7.2,8.3,4.9,H-slot9,
2026-07-03,Liam Hicks,MIA,1B/C,4900,7.1,9.1,2.1,H-slot1,
2026-07-03,Kyle Stowers,MIA,1B/OF,4500,8.6,9.9,2.5,H-slot2,
2026-07-03,Otto Lopez,MIA,SS,5000,7.6,8.4,1.6,H-slot3,
2026-07-03,Xavier Edwards,MIA,2B,5000,8.0,8.7,1.3,H-slot4,
2026-07-03,Heriberto Hernández,MIA,OF,4000,7.9,9.7,1.4,H-slot5,
2026-07-03,Griffin Conine,MIA,OF,3900,7.3,9.3,0.9,H-slot6,
2026-07-03,Owen Caissie,MIA,OF,3600,6.9,8.6,0.7,H-slot7,
2026-07-03,Jakob Marsee,MIA,OF,4200,8.6,9.0,0.7,H-slot8,
2026-07-03,Leo Jiménez,MIA,3B,2700,5.2,5.2,1.1,H-slot9,
2026-07-03,Ketel Marte,AZ,2B,4900,10.4,12.6,9.4,H-slot1,
2026-07-03,Geraldo Perdomo,AZ,SS,3700,9.2,9.8,14.9,H-slot2,
2026-07-03,Corbin Carroll,AZ,OF,5200,10.1,11.7,2.7,H-slot3,
2026-07-03,Gabriel Moreno,AZ,C,4000,7.9,9.0,4.1,H-slot4,
2026-07-03,Lourdes Gurriel Jr.,AZ,OF,3000,7.9,8.5,10.7,H-slot5,
2026-07-03,Nolan Arenado,AZ,3B,3100,6.9,8.1,5.1,H-slot6,
2026-07-03,Ildemaro Vargas,AZ,1B/2B,2900,6.2,7.3,3.1,H-slot7,
2026-07-03,LuJames Groover,AZ,1B,2500,7.0,7.8,6.2,H-slot8,
2026-07-03,Tommy Troy,AZ,OF,2800,6.9,8.0,3.0,H-slot9,
2026-07-03,Andy Pages,LAD,OF,5100,8.3,10.2,1.2,H-slot2,
2026-07-03,Freddie Freeman,LAD,1B,5600,8.9,10.6,0.9,H-slot3,
2026-07-03,Mookie Betts,LAD,SS,4800,8.5,10.6,1.8,H-slot4,
2026-07-03,Max Muncy,LAD,3B,4900,8.7,11.0,0.9,H-slot5,
2026-07-03,Kyle Tucker,LAD,OF,4600,9.3,10.1,1.0,H-slot6,
2026-07-03,Teoscar Hernández,LAD,OF,4200,8.0,9.3,0.6,H-slot7,
2026-07-03,Dalton Rushing,LAD,C,4100,5.8,8.0,0.3,H-slot8,
2026-07-03,Alex Freeland,LAD,2B,2800,6.7,7.3,2.8,H-slot9,
2026-07-03,J.P. Crawford,SEA,3B,3100,5.5,7.1,2.5,H-slot1,
2026-07-03,Randy Arozarena,SEA,OF,4700,6.4,7.5,0.3,H-slot2,
2026-07-03,Dominic Canzone,SEA,OF,3600,5.9,8.5,0.5,H-slot3,
2026-07-03,Cal Raleigh,SEA,C,4400,7.0,8.4,0.6,H-slot4,
2026-07-03,Josh Naylor,SEA,1B,3900,6.6,7.6,0.3,H-slot5,
2026-07-03,Luke Raley,SEA,OF,4000,5.6,8.1,0.1,H-slot6,
2026-07-03,Cole Young,SEA,2B,3100,4.2,5.2,0.3,H-slot7,
2026-07-03,Victor Robles,SEA,OF,2400,6.4,6.4,1.7,H-slot8,
2026-07-03,Colt Emerson,SEA,SS,3500,5.0,7.0,0.3,H-slot9,
2026-07-03,Nathan Lukes,TOR,OF,2700,7.0,8.0,11.8,H-slot1,
2026-07-03,Vladimir Guerrero Jr.,TOR,1B,4600,7.9,8.4,1.0,H-slot2,
2026-07-03,Kazuma Okamoto,TOR,3B,3200,6.6,9.1,3.7,H-slot3,
2026-07-03,Daulton Varsho,TOR,OF,3100,7.2,8.3,4.0,H-slot4,
2026-07-03,Alejandro Kirk,TOR,C,3000,5.9,7.1,3.1,H-slot5,
2026-07-03,Yohendrick Piñango,TOR,OF,2500,6.2,7.6,3.1,H-slot6,
2026-07-03,Ernie Clement,TOR,2B/SS,3000,5.8,6.6,1.6,H-slot7,
2026-07-03,Sean Keys,TOR,1B,2200,5.9,9.2,2.4,H-slot8,
2026-07-03,Andrés Giménez,TOR,SS,2800,5.3,6.2,1.0,H-slot9,
2026-07-06,Lane Thomas,KC,OF,3300,8.2,9.3,,H-slot1,
2026-07-06,Bobby Witt Jr.,KC,SS,6300,10.3,11.8,,H-slot2,
2026-07-06,Salvador Perez,KC,1B/C,3500,7.5,8.9,,H-slot3,
2026-07-06,Jac Caglianone,KC,1B/OF,4500,5.2,7.1,,H-slot4,
2026-07-06,Nick Loftin,KC,3B,2600,5.5,6.2,,H-slot5,
2026-07-06,Starling Marte,KC,OF,3000,7.1,7.4,,H-slot6,
2026-07-06,Tyler Tolbert,KC,OF/SS,2400,6.7,7.5,,H-slot7,
2026-07-06,Luke Maile,KC,C,2100,4.7,12.6,,H-slot8,
2026-07-06,Josh Rojas,KC,2B/3B,2000,5.1,6.6,,H-slot9,
2026-07-06,Trea Turner,PHI,SS,5200,10.0,11.2,,H-slot1,
2026-07-06,Kyle Schwarber,PHI,OF,6200,10.3,13.8,,H-slot2,
2026-07-06,Bryce Harper,PHI,1B,5700,9.4,11.7,,H-slot3,
2026-07-06,Alec Bohm,PHI,3B,3400,7.9,9.3,,H-slot4,
2026-07-06,Brandon Marsh,PHI,OF,4700,8.2,10.1,,H-slot5,
2026-07-06,Edmundo Sosa,PHI,3B/OF,3000,7.9,9.3,,H-slot6,
2026-07-06,Bryson Stott,PHI,2B,4100,7.6,8.5,,H-slot7,
2026-07-06,J.T. Realmuto,PHI,C,3600,6.8,7.8,,H-slot8,
2026-07-06,Derek Hill,PHI,OF,2200,6.9,8.7,,H-slot9,
2026-07-06,A.J. Ewing,NYM,OF,3600,7.8,9.0,,H-slot1,
2026-07-06,Juan Soto,NYM,OF,5800,10.4,13.2,,H-slot2,
2026-07-06,Bo Bichette,NYM,3B,4300,7.6,8.7,,H-slot3,
2026-07-06,Francisco Lindor,NYM,SS,4100,9.1,10.3,,H-slot4,
2026-07-06,Carson Benge,NYM,OF,3800,7.1,8.4,,H-slot5,
2026-07-06,Jared Young,NYM,1B,2600,7.0,8.8,,H-slot6,
2026-07-06,Francisco Alvarez,NYM,C,3300,6.8,8.5,,H-slot7,
2026-07-06,Brett Baty,NYM,2B,2600,6.5,6.9,,H-slot8,
2026-07-06,Ronny Mauricio,NYM,SS,2000,5.7,6.9,,H-slot9,
2026-07-06,JJ Wetherholt,STL,2B,4600,7.7,9.3,,H-slot1,
2026-07-06,Iván Herrera,STL,C,4000,8.4,9.7,,H-slot2,
2026-07-06,Jordan Walker,STL,OF,5000,6.3,8.8,,H-slot3,
2026-07-06,Nelson Velázquez,STL,OF,3300,6.7,9.0,,H-slot4,
2026-07-06,Masyn Winn,STL,SS,3600,6.6,7.1,,H-slot6,
2026-07-06,Nathan Church,STL,OF,2900,6.7,8.0,,H-slot7,
2026-07-06,Blaze Jordan,STL,1B/3B,2800,6.5,7.1,,H-slot8,
2026-07-06,Pedro Pagés,STL,C,2600,5.5,6.5,,H-slot9,
2026-07-06,Christian Yelich,MIL,OF,4700,9.5,10.6,,H-slot1,
2026-07-06,Jackson Chourio,MIL,OF,5400,8.9,11.2,,H-slot2,
2026-07-06,Brice Turang,MIL,2B,5100,8.3,9.7,,H-slot3,
2026-07-06,William Contreras,MIL,C,4500,7.8,8.9,,H-slot4,
2026-07-06,Jake Bauers,MIL,1B/OF,4600,7.6,9.7,,H-slot5,
2026-07-06,Garrett Mitchell,MIL,OF,3400,7.6,8.8,,H-slot6,
2026-07-06,Sal Frelick,MIL,OF,3000,6.6,7.0,,H-slot7,
2026-07-06,Cooper Pratt,MIL,SS,3200,6.6,6.6,,H-slot8,
2026-07-06,David Hamilton,MIL,3B,2900,7.8,9.0,,H-slot9,
2026-07-06,Fernando Tatis Jr.,SD,OF,4700,9.3,9.9,,H-slot1,
2026-07-06,Jake Cronenworth,SD,2B,2100,7.4,8.0,,H-slot2,
2026-07-06,Manny Machado,SD,3B,4200,8.5,10.7,,H-slot3,
2026-07-06,Gavin Sheets,SD,1B/OF,3500,6.6,8.7,,H-slot4,
2026-07-06,Ty France,SD,1B,3100,6.1,8.1,,H-slot5,
2026-07-06,Jackson Merrill,SD,OF,4000,7.9,9.0,,H-slot6,
2026-07-06,Samad Taylor,SD,OF,3700,6.8,7.2,,H-slot7,
2026-07-06,Sung-Mun Song,SD,2B/3B,2700,6.6,7.1,,H-slot8,
2026-07-06,Rodolfo Durán,SD,C,2400,6.4,7.8,,H-slot9,
2026-07-06,Ketel Marte,AZ,2B,4900,10.0,12.1,,H-slot1,
2026-07-06,Geraldo Perdomo,AZ,SS,3700,8.9,9.6,,H-slot2,
2026-07-06,Corbin Carroll,AZ,OF,4800,9.8,11.4,,H-slot3,
2026-07-06,Gabriel Moreno,AZ,C,3900,7.7,8.7,,H-slot4,
2026-07-06,Lourdes Gurriel Jr.,AZ,OF,3000,7.6,8.1,,H-slot5,
2026-07-06,Max Kepler,AZ,OF,2000,6.6,8.4,,H-slot6,
2026-07-06,Nolan Arenado,AZ,3B,3200,6.5,7.8,,H-slot7,
2026-07-06,Ildemaro Vargas,AZ,1B/2B,2700,5.8,6.8,,H-slot8,
2026-07-06,Tommy Troy,AZ,OF,2600,6.7,7.6,,H-slot9,
2026-07-06,Heliot Ramos,SF,OF,4000,7.7,9.5,,H-slot1,
2026-07-06,Luis Arraez,SF,2B,4300,6.9,7.4,,H-slot2,
2026-07-06,Casey Schmitt,SF,3B/OF,4500,6.9,9.1,,H-slot3,
2026-07-06,Rafael Devers,SF,1B,3900,8.2,10.3,,H-slot4,
2026-07-06,Jung Hoo Lee,SF,OF,4100,6.5,7.1,,H-slot5,
2026-07-06,Willy Adames,SF,SS,3800,7.7,9.3,,H-slot6,
2026-07-06,Bryce Eldridge,SF,1B,3700,6.6,8.1,,H-slot7,
2026-07-06,Victor Bericoto,SF,OF,2900,6.5,9.5,,H-slot8,
2026-07-06,Eric Haase,SF,C,3400,6.7,8.6,,H-slot9,
2026-07-06,Ernie Clement,TOR,2B/SS,2900,7.4,8.3,,H-slot1,
2026-07-06,Nathan Lukes,TOR,OF,2800,7.6,8.5,,H-slot2,
2026-07-06,Vladimir Guerrero Jr.,TOR,1B,4400,8.6,9.1,,H-slot3,
2026-07-06,Kazuma Okamoto,TOR,3B,3500,7.2,9.6,,H-slot4,
2026-07-06,Sean Keys,TOR,1B,2300,7.0,8.7,,H-slot5,
2026-07-06,Alejandro Kirk,TOR,C,2900,6.4,7.4,,H-slot6,
2026-07-06,Daulton Varsho,TOR,OF,3100,7.5,8.5,,H-slot7,
2026-07-06,Myles Straw,TOR,OF,2400,6.9,7.7,,H-slot8,
2026-07-06,Andrés Giménez,TOR,SS,2800,5.9,6.8,,H-slot9,
2026-07-06,Shohei Ohtani,LAD,1B/OF,6600,13.7,16.0,,H-slot1,
2026-07-06,Andy Pages,LAD,OF,5200,9.0,10.8,,H-slot2,
2026-07-06,Freddie Freeman,LAD,1B,6000,9.7,11.4,,H-slot3,
2026-07-06,Mookie Betts,LAD,SS,4700,9.2,11.2,,H-slot4,
2026-07-06,Kyle Tucker,LAD,OF,4500,10.3,11.1,,H-slot5,
2026-07-06,Teoscar Hernández,LAD,OF,4200,8.9,10.3,,H-slot6,
2026-07-06,Max Muncy,LAD,3B,4900,9.0,11.1,,H-slot7,
2026-07-06,Miguel Rojas,LAD,2B/SS,2500,7.3,8.1,,H-slot8,
2026-07-06,Dalton Rushing,LAD,C,3800,6.2,8.2,,H-slot9,
2026-07-06,Willi Castro,COL,2B/SS,4200,8.1,9.0,,H-slot1,
2026-07-06,Kyle Karros,COL,3B,3000,6.0,7.1,,H-slot2,
2026-07-06,Hunter Goodman,COL,C,5600,8.8,12.2,,H-slot3,
2026-07-06,TJ Rumfield,COL,1B,4000,7.7,9.2,,H-slot4,
2026-07-06,Cole Carrigg,COL,OF,3700,7.5,9.3,,H-slot5,
2026-07-06,Tyler Freeman,COL,OF,3800,7.0,7.5,,H-slot6,
2026-07-06,Jake McCarthy,COL,OF,4200,7.4,8.7,,H-slot7,
2026-07-06,Troy Johnston,COL,OF,4400,7.0,7.4,,H-slot8,
2026-07-06,Ezequiel Tovar,COL,SS,3900,6.7,7.7,,H-slot9,
2026-07-07,Andrew Abbott,CIN,P,7500,13.3,13.3,5.8,P-prop,
2026-07-07,Zack Wheeler,PHI,P,10500,22.1,22.1,25.6,P-prop,
2026-07-07,Seth Lugo,KC,P,7700,12.6,12.6,3.6,P-prop,
2026-07-07,Noah Schultz,CWS,P,6800,13.3,13.3,10.4,P-prop,
2026-07-07,Payton Tolle,BOS,P,8700,17.1,17.1,10.7,P-prop,
2026-07-07,Joey Cantillo,CLE,P,8000,14.5,14.5,6.6,P-prop,
2026-07-07,Taj Bradley,MIN,P,8500,17.6,17.6,14.6,P-prop,
2026-07-07,Hunter Dobbins,STL,P,6700,11.8,11.8,5.5,P-prop,
2026-07-07,Robert Gasser,MIL,P,7000,13.2,13.2,8.3,P-prop,
2026-07-07,Jacob deGrom,TEX,P,9500,23.4,23.4,65.0,P-prop,
2026-07-07,Jose Soriano,LAA,P,9200,15.5,15.5,6.7,P-prop,
2026-07-07,Zac Gallen,ARI,P,5700,11.6,11.6,13.2,P-prop,
2026-07-07,Trevor McDonald,SF,P,6700,12.8,12.8,9.0,P-prop,
2026-07-07,Justin Wrobleski,LAD,P,9000,16.5,16.5,11.2,P-prop,
2026-07-07,Michael Lorenzen,COL,P,5000,8.0,8.0,3.1,P-prop,
2026-07-07,JJ Wetherholt,STL,2B,4600,7.7,9.3,0.9,H-slot1,
2026-07-07,Iván Herrera,STL,C,4000,8.4,9.7,3.5,H-slot2,
2026-07-07,Jordan Walker,STL,OF,5000,6.3,8.8,0.2,H-slot3,
2026-07-07,Nelson Velázquez,STL,OF,3300,6.7,9.0,2.0,H-slot4,
2026-07-07,Alec Burleson,STL,1B,4100,7.2,8.8,0.4,H-slot5,
2026-07-07,Masyn Winn,STL,SS,3600,6.6,7.1,0.9,H-slot6,
2026-07-07,Blaze Jordan,STL,1B/3B,2800,6.5,7.1,1.2,H-slot8,
2026-07-07,Nathan Church,STL,OF,2900,6.3,7.6,0.7,H-slot9,
2026-07-07,Christian Yelich,MIL,OF,4700,10.1,11.2,4.9,H-slot1,
2026-07-07,Luis Lara,MIL,OF,2000,8.0,9.4,65.0,H-slot2,
2026-07-07,Brice Turang,MIL,2B,5100,8.8,10.2,1.5,H-slot3,
2026-07-07,Andrew Vaughn,MIL,1B,3600,7.1,7.7,1.8,H-slot4,
2026-07-07,Jake Bauers,MIL,1B/OF,4600,8.0,10.1,0.9,H-slot5,
2026-07-07,Gary Sánchez,MIL,C,3500,7.3,9.3,6.3,H-slot6,
2026-07-07,Sal Frelick,MIL,OF,3000,7.0,7.4,3.4,H-slot7,
2026-07-07,Cooper Pratt,MIL,SS,3200,7.0,7.0,4.8,H-slot8,
2026-07-07,Joey Ortiz,MIL,3B/SS,2100,6.4,6.8,7.4,H-slot9,
2026-07-07,Max Muncy,LAD,3B,4900,9.3,11.6,3.5,H-slot4,
2026-07-07,A.J. Ewing,NYM,OF,3600,8.1,9.3,5.8,H-slot1,
2026-07-07,Juan Soto,NYM,OF,5800,10.8,13.6,2.4,H-slot2,
2026-07-07,Bo Bichette,NYM,3B,4300,7.8,8.9,2.5,H-slot3,
2026-07-07,Francisco Lindor,NYM,SS,4100,9.3,10.5,6.9,H-slot4,
2026-07-07,Carson Benge,NYM,OF,3800,7.4,8.7,1.4,H-slot5,
2026-07-07,Jorge Polanco,NYM,2B/3B,3600,7.2,7.9,1.2,H-slot6,
2026-07-07,Jared Young,NYM,1B,2600,7.0,8.7,5.5,H-slot7,
2026-07-07,Brett Baty,NYM,2B,2600,6.7,7.1,3.7,H-slot8,
2026-07-07,Luis Torrens,NYM,C,2200,5.5,6.0,5.4,H-slot9,
2026-07-07,Carter Jensen,KC,C,4800,7.8,9.7,2.9,H-slot1,
2026-07-07,Bobby Witt Jr.,KC,SS,6300,10.4,11.9,2.7,H-slot2,
2026-07-07,Lane Thomas,KC,OF,3300,7.9,9.0,7.3,H-slot3,
2026-07-07,Salvador Perez,KC,1B/C,3500,7.4,8.8,8.0,H-slot4,
2026-07-07,Jac Caglianone,KC,1B/OF,4500,5.2,7.0,0.2,H-slot5,
2026-07-07,Nick Loftin,KC,3B,2600,5.4,6.1,3.1,H-slot6,
2026-07-07,Isaac Collins,KC,OF,2600,7.4,8.0,5.0,H-slot7,
2026-07-07,Michael Massey,KC,2B,3800,5.9,7.1,0.2,H-slot8,
2026-07-07,Tyler Tolbert,KC,OF/SS,2400,6.5,7.3,5.7,H-slot9,
2026-07-07,Elly De La Cruz,CIN,SS,5300,9.7,11.6,5.1,H-slot1,
2026-07-07,Sal Stewart,CIN,1B/3B,4700,7.4,9.4,1.0,H-slot2,
2026-07-07,JJ Bleday,CIN,OF,4000,7.1,9.3,1.2,H-slot3,
2026-07-07,Eugenio Suárez,CIN,3B,3700,8.2,9.6,3.2,H-slot4,
2026-07-07,Nathaniel Lowe,CIN,1B,3400,6.6,8.4,2.3,H-slot5,
2026-07-07,Spencer Steer,CIN,1B/OF,4200,7.1,8.8,0.5,H-slot6,
2026-07-07,Tyler Stephenson,CIN,C,3100,6.8,7.8,4.6,H-slot7,
2026-07-07,TJ Friedl,CIN,OF,2700,6.3,6.9,2.0,H-slot8,
2026-07-07,Matt McLain,CIN,2B/SS,3100,5.9,6.9,0.8,H-slot9,
2026-07-07,Trea Turner,PHI,SS,5200,10.4,11.6,12.7,H-slot1,
2026-07-07,Kyle Schwarber,PHI,OF,6200,10.6,14.1,2.5,H-slot2,
2026-07-07,Bryce Harper,PHI,1B,5700,9.7,12.0,1.9,H-slot3,
2026-07-07,Alec Bohm,PHI,3B,3400,8.2,9.6,16.7,H-slot4,
2026-07-07,Edmundo Sosa,PHI,3B/OF,3000,8.4,9.8,22.1,H-slot5,
2026-07-07,J.T. Realmuto,PHI,C,3600,7.4,8.4,3.9,H-slot6,
2026-07-07,Bryson Stott,PHI,2B,4100,7.9,8.8,1.1,H-slot7,
2026-07-07,Derek Hill,PHI,OF,2200,7.4,9.2,13.2,H-slot8,
2026-07-07,Justin Crawford,PHI,OF,3200,7.1,7.4,2.4,H-slot9,
2026-07-07,Austin Martin,MIN,OF,3100,7.8,8.2,15.2,H-slot1,
2026-07-07,Brooks Lee,MIN,3B,3600,6.8,8.6,3.0,H-slot2,
2026-07-07,Josh Bell,MIN,1B,3300,7.3,9.0,6.1,H-slot3,
2026-07-07,Royce Lewis,MIN,1B,3500,7.5,9.0,4.3,H-slot4,
2026-07-07,Victor Caratini,MIN,C,3400,6.9,8.1,6.0,H-slot5,
2026-07-07,Kody Clemens,MIN,2B,4400,7.4,9.6,0.5,H-slot6,
2026-07-07,Ryan Kreidler,MIN,OF/SS,3000,7.0,8.6,6.4,H-slot7,
2026-07-07,Luke Keaschall,MIN,2B/OF,3200,8.5,9.0,3.4,H-slot8,
2026-07-07,Kyler Fedko,MIN,OF,2200,6.6,6.6,3.9,H-slot9,
2026-07-07,Travis Bazzana,CLE,2B,4500,8.6,9.9,3.0,H-slot1,
2026-07-07,Kahlil Watson,CLE,OF,2600,8.4,9.2,32.8,H-slot2,
2026-07-07,Chase DeLauter,CLE,OF,3200,8.3,9.5,12.0,H-slot3,
2026-07-07,Kyle Manzardo,CLE,1B,2900,7.9,9.4,11.2,H-slot4,
2026-07-07,Rhys Hoskins,CLE,1B,3000,8.0,9.2,8.1,H-slot5,
2026-07-07,Brayan Rocchio,CLE,SS,3300,6.7,7.4,5.7,H-slot6,
2026-07-07,Daniel Schneemann,CLE,3B/SS,2300,6.8,7.8,10.4,H-slot7,
2026-07-07,Patrick Bailey,CLE,C,2100,6.2,6.6,11.7,H-slot8,
2026-07-07,Steven Kwan,CLE,OF,2700,7.2,7.3,2.9,H-slot9,
2026-07-07,Miguel Vargas,CWS,3B,5000,7.1,9.5,1.3,H-slot1,
2026-07-07,Randal Grichuk,CWS,OF,3200,8.0,11.1,11.5,H-slot2,
2026-07-07,Colson Montgomery,CWS,SS,4400,9.3,12.2,5.4,H-slot3,
2026-07-07,Chase Meidroth,CWS,2B,3900,6.2,7.0,0.7,H-slot4,
2026-07-07,Sam Antonacci,CWS,OF,4200,7.1,7.9,0.7,H-slot5,
2026-07-07,Junior Perez,CWS,OF,2400,7.0,10.8,7.5,H-slot6,
2026-07-07,Kyle Teel,CWS,C,3700,7.1,8.9,1.3,H-slot7,
2026-07-07,Luisangel Acuña,CWS,SS,2500,6.9,7.2,8.6,H-slot8,
2026-07-07,Tristan Peters,CWS,OF,2700,6.5,7.2,1.7,H-slot9,
2026-07-07,Anthony Seigler,BOS,2B,2900,7.8,8.6,21.8,H-slot1,
2026-07-07,Ceddanne Rafaela,BOS,OF,4300,8.0,8.9,2.2,H-slot2,
2026-07-07,Wilyer Abreu,BOS,OF,4500,8.4,9.6,1.7,H-slot3,
2026-07-07,Willson Contreras,BOS,1B,5500,8.0,10.4,0.6,H-slot4,
2026-07-07,Romy Gonzalez,BOS,1B/2B,3300,8.2,10.3,6.3,H-slot5,
2026-07-07,Caleb Durbin,BOS,3B,3100,7.2,8.3,5.8,H-slot6,
2026-07-07,Jarren Duran,BOS,OF,4200,8.0,9.5,0.7,H-slot7,
2026-07-07,Andruw Monasterio,BOS,2B/SS,2200,6.5,7.3,5.5,H-slot8,
2026-07-07,Connor Wong,BOS,C,2700,5.9,6.2,3.1,H-slot9,
2026-07-07,Joc Pederson,TEX,1B,3200,7.3,9.7,5.0,H-slot1,
2026-07-07,Josh Smith,TEX,2B,2300,6.5,6.9,8.6,H-slot2,
2026-07-07,Jake Burger,TEX,1B,3800,6.7,8.6,0.6,H-slot3,
2026-07-07,Brandon Nimmo,TEX,OF,3600,7.0,8.0,0.7,H-slot4,
2026-07-07,Ezequiel Duran,TEX,OF/SS,4000,4.9,5.9,0.2,H-slot5,
2026-07-07,Evan Carter,TEX,OF,3200,6.6,7.8,1.1,H-slot6,
2026-07-07,Alejandro Osuna,TEX,OF,2600,4.8,4.8,0.6,H-slot7,
2026-07-07,Elias Díaz,TEX,C,3000,5.0,7.0,0.7,H-slot8,
2026-07-07,Nicky Lopez,TEX,2B/SS,2600,4.1,4.4,0.2,H-slot9,
2026-07-07,Zach Neto,LAA,SS,4500,7.7,9.9,2.0,H-slot1,
2026-07-07,Nolan Schanuel,LAA,1B,3000,6.0,6.9,2.6,H-slot2,
2026-07-07,Denzer Guzman,LAA,3B,3300,6.3,7.7,2.6,H-slot3,
2026-07-07,Jorge Soler,LAA,OF,3500,6.0,7.7,0.9,H-slot4,
2026-07-07,Josh Lowe,LAA,OF,2200,6.1,7.9,4.0,H-slot5,
2026-07-07,Jo Adell,LAA,OF,3400,6.4,7.6,0.8,H-slot6,
2026-07-07,Oswald Peraza,LAA,2B,3000,4.3,5.4,0.2,H-slot7,
2026-07-07,Wade Meckler,LAA,OF,2900,5.5,6.1,0.5,H-slot8,
2026-07-07,Logan O'Hoppe,LAA,C,2300,4.9,5.6,1.2,H-slot9,
2026-07-07,Fernando Tatis Jr.,SD,OF,4700,9.1,9.7,2.6,H-slot1,
2026-07-07,Jackson Merrill,SD,OF,4000,8.4,9.6,2.7,H-slot2,
2026-07-07,Xander Bogaerts,SD,SS,3400,7.2,8.3,11.2,H-slot3,
2026-07-07,Manny Machado,SD,3B,4200,8.1,10.2,1.8,H-slot4,
2026-07-07,Gavin Sheets,SD,1B/OF,3500,6.3,8.3,1.7,H-slot5,
2026-07-07,Jake Cronenworth,SD,2B,2100,6.6,7.2,9.3,H-slot6,
2026-07-07,Luis Campusano,SD,C,3200,5.7,7.6,2.1,H-slot7,
2026-07-07,Samad Taylor,SD,OF,3700,6.5,6.9,0.3,H-slot8,
2026-07-07,Sung-Mun Song,SD,2B/3B,2700,6.3,6.8,1.5,H-slot9,
2026-07-07,Ketel Marte,AZ,2B,4900,10.3,12.4,5.1,H-slot1,
2026-07-07,Geraldo Perdomo,AZ,SS,3700,9.1,9.8,16.4,H-slot2,
2026-07-07,Corbin Carroll,AZ,OF,4800,10.0,11.6,3.1,H-slot3,
2026-07-07,Gabriel Moreno,AZ,C,3900,7.8,8.8,4.6,H-slot4,
2026-07-07,Max Kepler,AZ,OF,2000,6.9,8.7,24.5,H-slot5,
2026-07-07,Nolan Arenado,AZ,3B,3200,6.8,8.1,5.2,H-slot6,
2026-07-07,Pavin Smith,AZ,1B,2100,8.1,8.6,21.7,H-slot7,
2026-07-07,James McCann,AZ,C,2000,6.7,6.7,22.1,H-slot8,
2026-07-07,Tim Tawa,AZ,OF,2500,6.3,6.8,2.9,H-slot9,
2026-07-07,Heliot Ramos,SF,OF,4000,7.8,9.6,2.5,H-slot1,
2026-07-07,Luis Arraez,SF,2B,4300,6.9,7.4,1.0,H-slot2,
2026-07-07,Casey Schmitt,SF,3B/OF,4500,6.9,9.1,1.0,H-slot3,
2026-07-07,Rafael Devers,SF,1B,3900,8.3,10.4,1.7,H-slot4,
2026-07-07,Jung Hoo Lee,SF,OF,4100,6.6,7.2,0.5,H-slot5,
2026-07-07,Willy Adames,SF,SS,3800,7.7,9.3,2.1,H-slot6,
2026-07-07,Bryce Eldridge,SF,1B,3700,6.7,8.2,0.5,H-slot7,
2026-07-07,Victor Bericoto,SF,OF,2900,6.5,9.5,1.6,H-slot8,
2026-07-07,Drew Cavanaugh,SF,C,2800,6.3,6.3,2.7,H-slot9,
2026-07-07,Ernie Clement,TOR,2B/SS,2900,7.4,8.3,14.4,H-slot1,
2026-07-07,Nathan Lukes,TOR,OF,2800,7.6,8.5,14.1,H-slot2,
2026-07-07,Vladimir Guerrero Jr.,TOR,1B,4400,8.6,9.1,1.6,H-slot3,
2026-07-07,Kazuma Okamoto,TOR,3B,3500,7.2,9.6,4.9,H-slot4,
2026-07-07,Brandon Valenzuela,TOR,C,3200,7.0,8.7,7.0,H-slot5,
2026-07-07,Daulton Varsho,TOR,OF,3100,7.7,8.7,3.9,H-slot6,
2026-07-07,Sean Keys,TOR,1B,2300,6.7,8.3,5.3,H-slot7,
2026-07-07,Jonatan Clase,TOR,OF,2000,5.6,5.6,3.6,H-slot8,
2026-07-07,Andrés Giménez,TOR,SS,2800,5.9,6.8,2.3,H-slot9,
2026-07-07,Shohei Ohtani,LAD,1B/OF,6600,13.1,15.4,5.5,H-slot1,
2026-07-07,Andy Pages,LAD,OF,5200,8.7,10.5,2.4,H-slot2,
2026-07-07,Freddie Freeman,LAD,1B,6000,9.3,11.0,1.5,H-slot3,
2026-07-07,Tommy Edman,LAD,2B/OF,4000,7.7,8.4,2.0,H-slot5,
2026-07-07,Kyle Tucker,LAD,OF,4500,9.7,10.5,2.2,H-slot6,
2026-07-07,Dalton Rushing,LAD,C,3800,6.2,8.3,1.4,H-slot7,
2026-07-07,Alex Freeland,LAD,2B,2700,7.2,7.8,6.2,H-slot8,
2026-07-07,Miguel Rojas,LAD,2B/SS,2500,6.9,7.7,5.3,H-slot9,
2026-07-07,Willi Castro,COL,2B/SS,4200,7.6,8.5,1.8,H-slot1,
2026-07-07,Kyle Karros,COL,3B,3000,5.7,6.8,5.5,H-slot2,
2026-07-07,Hunter Goodman,COL,C,5600,8.3,11.7,1.2,H-slot3,
2026-07-07,Cole Carrigg,COL,OF,3700,7.3,9.1,1.2,H-slot4,
2026-07-07,Jake McCarthy,COL,OF,4200,7.4,8.8,0.6,H-slot5,
2026-07-07,Tyler Freeman,COL,OF,3800,6.6,7.1,0.5,H-slot6,
2026-07-07,Ezequiel Tovar,COL,SS,3900,6.7,7.7,0.8,H-slot7,
2026-07-07,Mickey Moniak,COL,OF,5100,7.2,10.0,0.1,H-slot8,
2026-07-07,Braxton Fulford,COL,C,3600,5.4,6.1,0.3,H-slot9,
2026-07-08,Chase Burns,CIN,P,10500,21.3,21.3,17.1,P-prop,
2026-07-08,Christian Scott,NYM,P,7200,17.0,17.0,26.8,P-prop,
2026-07-08,Davis Martin,CWS,P,8500,15.5,15.5,5.7,P-prop,
2026-07-08,Jake Bennett,BOS,P,7700,14.3,14.3,6.4,P-prop,
2026-07-08,Connor Prielipp,MIN,P,6900,17.6,17.6,42.7,P-prop,
2026-07-08,Slade Cecconi,CLE,P,6700,12.0,12.0,5.1,P-prop,
2026-07-08,Kyle Harrison,MIL,P,9500,16.6,16.6,7.0,P-prop,
2026-07-08,Michael McGreevy,STL,P,7400,11.0,11.0,1.7,P-prop,
2026-07-08,MacKenzie Gore,TEX,P,8300,20.9,20.9,39.5,P-prop,
2026-07-08,Walbert Urena,LAA,P,8100,13.9,13.9,4.0,P-prop,
2026-07-08,Jose Cabrera,ARI,P,6000,11.4,11.4,7.3,P-prop,
2026-07-08,Michael King,SD,P,7900,15.3,15.3,8.2,P-prop,
2026-07-08,Roki Sasaki,LAD,P,7000,16.7,16.7,28.6,P-prop,
2026-07-08,A.J. Ewing,NYM,OF,3800,8.1,9.5,6.9,H-slot1,
2026-07-08,Juan Soto,NYM,OF,6000,10.8,13.7,3.1,H-slot2,
2026-07-08,Bo Bichette,NYM,3B,4500,7.9,9.0,3.5,H-slot3,
2026-07-08,Francisco Lindor,NYM,SS,4300,9.4,10.5,6.5,H-slot4,
2026-07-08,Carson Benge,NYM,OF,4000,7.4,8.7,1.6,H-slot5,
2026-07-08,Jorge Polanco,NYM,2B/3B,3600,7.3,7.9,1.6,H-slot6,
2026-07-08,Jared Young,NYM,1B,2600,7.1,8.8,9.2,H-slot7,
2026-07-08,Brett Baty,NYM,2B,2500,6.7,7.1,5.5,H-slot8,
2026-07-08,Francisco Alvarez,NYM,C,3200,6.7,8.3,3.0,H-slot9,
2026-07-08,Carter Jensen,KC,C,4800,7.8,9.6,2.8,H-slot1,
2026-07-08,Bobby Witt Jr.,KC,SS,6300,10.4,11.8,2.6,H-slot2,
2026-07-08,Jac Caglianone,KC,1B/OF,4500,5.4,7.3,0.4,H-slot3,
2026-07-08,Lane Thomas,KC,OF,3300,7.7,8.7,6.9,H-slot4,
2026-07-08,Salvador Perez,KC,1B/C,3500,7.2,8.5,5.4,H-slot5,
2026-07-08,Michael Massey,KC,2B,3800,6.2,7.5,0.5,H-slot6,
2026-07-08,Nick Loftin,KC,3B,2600,5.3,6.1,3.3,H-slot7,
2026-07-08,Isaac Collins,KC,OF,2800,7.2,7.7,3.5,H-slot8,
2026-07-08,Tyler Tolbert,KC,OF/SS,2500,6.5,7.9,4.8,H-slot9,
2026-07-08,Elly De La Cruz,CIN,SS,5800,10.9,12.8,8.0,H-slot1,
2026-07-08,Sal Stewart,CIN,1B/3B,4800,8.3,10.3,3.0,H-slot2,
2026-07-08,JJ Bleday,CIN,OF,4000,7.9,10.1,3.5,H-slot3,
2026-07-08,Eugenio Suárez,CIN,3B,3800,9.2,10.8,8.9,H-slot4,
2026-07-08,Spencer Steer,CIN,1B/OF,4300,8.2,10.0,2.1,H-slot5,
2026-07-08,Noelvi Marte,CIN,OF,3000,7.5,9.2,8.3,H-slot6,
2026-07-08,Jose Trevino,CIN,C,2600,6.1,6.7,7.9,H-slot7,
2026-07-08,Edwin Arroyo,CIN,2B,2600,7.2,7.2,6.5,H-slot8,
2026-07-08,TJ Friedl,CIN,OF,2800,6.9,7.5,3.6,H-slot9,
2026-07-08,Bryce Harper,PHI,1B,5600,8.2,10.6,1.2,H-slot1,
2026-07-08,Kyle Schwarber,PHI,OF,6100,8.6,12.2,0.8,H-slot2,
2026-07-08,Brandon Marsh,PHI,OF,4600,7.2,9.2,0.9,H-slot3,
2026-07-08,Bryson Stott,PHI,2B,4100,6.8,7.7,0.8,H-slot4,
2026-07-08,Alec Bohm,PHI,3B,3200,6.4,7.7,4.4,H-slot5,
2026-07-08,Gabriel Rincones Jr.,PHI,OF,2500,6.2,7.7,4.5,H-slot6,
2026-07-08,Justin Crawford,PHI,OF,3100,6.0,6.3,1.5,H-slot7,
2026-07-08,J.T. Realmuto,PHI,C,3300,5.6,6.6,1.1,H-slot8,
2026-07-08,Edmundo Sosa,PHI,3B/OF,3000,6.1,7.3,1.6,H-slot9,
2026-07-08,Trevor Larnach,MIN,OF,4200,8.9,9.9,6.6,H-slot1,
2026-07-08,Brooks Lee,MIN,3B,3700,7.5,9.3,7.2,H-slot2,
2026-07-08,Kody Clemens,MIN,2B,4700,8.8,11.1,2.5,H-slot3,
2026-07-08,Josh Bell,MIN,1B,3300,7.8,9.4,11.4,H-slot4,
2026-07-08,Royce Lewis,MIN,1B,3600,8.1,9.5,3.5,H-slot5,
2026-07-08,Victor Caratini,MIN,C,3500,7.4,8.5,6.7,H-slot6,
2026-07-08,Luke Keaschall,MIN,2B/OF,3400,9.6,10.1,8.4,H-slot7,
2026-07-08,Alan Roden,MIN,OF,2000,5.5,6.7,6.5,H-slot8,
2026-07-08,Ryan Kreidler,MIN,OF/SS,3000,7.3,8.7,5.6,H-slot9,
2026-07-08,David Fry,CLE,OF,2900,8.6,10.5,35.2,H-slot1,
2026-07-08,Chase DeLauter,CLE,OF,3200,8.3,9.5,17.5,H-slot2,
2026-07-08,Brayan Rocchio,CLE,SS,3300,7.0,7.8,11.8,H-slot3,
2026-07-08,Rhys Hoskins,CLE,1B,3000,8.0,9.4,13.1,H-slot4,
2026-07-08,Travis Bazzana,CLE,2B,4300,7.7,8.9,1.0,H-slot5,
2026-07-08,Gabriel Arias,CLE,3B,2200,6.8,8.8,19.7,H-slot6,
2026-07-08,Kyle Manzardo,CLE,1B,2900,7.2,8.6,4.8,H-slot7,
2026-07-08,Austin Hedges,CLE,C,2600,4.7,5.6,1.7,H-slot8,
2026-07-08,Kahlil Watson,CLE,OF,2700,7.0,7.6,3.0,H-slot9,
2026-07-08,Miguel Vargas,CWS,3B,5100,7.1,9.5,1.8,H-slot1,
2026-07-08,Randal Grichuk,CWS,OF,3300,8.0,11.1,13.7,H-slot2,
2026-07-08,Colson Montgomery,CWS,SS,4500,9.3,12.1,4.9,H-slot3,
2026-07-08,Chase Meidroth,CWS,2B,3900,6.2,7.0,0.8,H-slot4,
2026-07-08,Sam Antonacci,CWS,OF,4300,7.1,7.8,0.8,H-slot5,
2026-07-08,Braden Montgomery,CWS,OF,3100,7.0,7.9,4.1,H-slot6,
2026-07-08,Junior Perez,CWS,OF,2400,6.8,9.9,7.0,H-slot7,
2026-07-08,Kyle Teel,CWS,C,3800,6.9,8.5,0.8,H-slot8,
2026-07-08,Luisangel Acuña,CWS,SS,2600,6.7,7.0,5.0,H-slot9,
2026-07-08,Anthony Seigler,BOS,2B,2900,8.4,9.1,41.4,H-slot1,
2026-07-08,Ceddanne Rafaela,BOS,OF,4300,8.6,9.7,4.5,H-slot2,
2026-07-08,Wilyer Abreu,BOS,OF,4500,9.0,10.2,3.6,H-slot3,
2026-07-08,Willson Contreras,BOS,1B,5500,8.5,10.9,1.2,H-slot4,
2026-07-08,Masataka Yoshida,BOS,OF,3200,7.5,8.0,8.4,H-slot5,
2026-07-08,Caleb Durbin,BOS,3B,3100,7.7,8.8,12.8,H-slot6,
2026-07-08,Jarren Duran,BOS,OF,4200,8.6,10.1,1.4,H-slot7,
2026-07-08,Carlos Narváez,BOS,C,2000,6.7,7.2,21.0,H-slot8,
2026-07-08,Tsung-Che Cheng,BOS,SS,2100,6.9,6.9,16.7,H-slot9,
2026-07-08,Masyn Winn,STL,SS,3500,7.1,7.6,7.3,H-slot1,
2026-07-08,Iván Herrera,STL,C,3700,8.0,9.2,3.0,H-slot2,
2026-07-08,Jordan Walker,STL,OF,5000,6.0,8.5,0.2,H-slot3,
2026-07-08,Nelson Velázquez,STL,OF,3200,6.5,9.4,2.1,H-slot4,
2026-07-08,Alec Burleson,STL,1B,4100,7.0,8.6,0.4,H-slot5,
2026-07-08,Blaze Jordan,STL,1B/3B,2700,6.4,6.9,1.9,H-slot7,
2026-07-08,Lars Nootbaar,STL,OF,3300,5.9,6.6,0.5,H-slot8,
2026-07-08,Pedro Pagés,STL,C,2700,5.3,6.3,0.8,H-slot9,
2026-07-08,Christian Yelich,MIL,OF,4700,10.5,11.6,9.7,H-slot1,
2026-07-08,Jackson Chourio,MIL,OF,5300,9.8,12.0,4.0,H-slot2,
2026-07-08,Jake Bauers,MIL,1B/OF,4600,8.7,10.9,3.7,H-slot3,
2026-07-08,William Contreras,MIL,C,4400,8.6,9.7,4.6,H-slot4,
2026-07-08,Garrett Mitchell,MIL,OF,3400,8.5,9.7,12.2,H-slot5,
2026-07-08,Luis Lara,MIL,OF,2000,7.6,7.6,41.1,H-slot6,
2026-07-08,Cooper Pratt,MIL,SS,3200,7.4,7.4,9.6,H-slot7,
2026-07-08,Joey Ortiz,MIL,3B/SS,2200,6.8,7.3,18.9,H-slot8,
2026-07-08,Greg Jones,MIL,OF,2000,7.0,7.0,14.0,H-slot9,
2026-07-08,Joc Pederson,TEX,1B,3100,7.1,9.4,6.9,H-slot1,
2026-07-08,Josh Smith,TEX,2B,2200,6.3,6.6,10.0,H-slot2,
2026-07-08,Jake Burger,TEX,1B,4000,6.6,8.5,0.6,H-slot3,
2026-07-08,Brandon Nimmo,TEX,OF,3600,6.8,7.8,0.7,H-slot4,
2026-07-08,Ezequiel Duran,TEX,OF/SS,3600,4.8,5.8,0.3,H-slot5,
2026-07-08,Evan Carter,TEX,OF,3000,6.5,7.7,1.6,H-slot6,
2026-07-08,Alejandro Osuna,TEX,OF,2500,4.8,5.0,0.8,H-slot7,
2026-07-08,Elias Díaz,TEX,C,2800,4.9,6.8,0.7,H-slot8,
2026-07-08,Nicky Lopez,TEX,2B/SS,2600,4.0,4.3,0.2,H-slot9,
2026-07-08,Zach Neto,LAA,SS,4600,7.5,9.7,1.6,H-slot1,
2026-07-08,Mike Trout,LAA,OF,5500,6.8,9.1,0.3,H-slot2,
2026-07-08,Vaughn Grissom,LAA,1B/3B,2500,6.1,7.0,5.6,H-slot3,
2026-07-08,Jo Adell,LAA,OF,3400,6.5,7.8,1.7,H-slot4,
2026-07-08,Denzer Guzman,LAA,3B,3400,5.8,7.1,1.5,H-slot5,
2026-07-08,Oswald Peraza,LAA,2B,3000,4.3,5.4,0.4,H-slot6,
2026-07-08,Jose Siri,LAA,OF,2600,5.1,7.3,0.9,H-slot7,
2026-07-08,Logan O'Hoppe,LAA,C,2400,4.9,5.6,1.2,H-slot8,
2026-07-08,Josh Lowe,LAA,OF,2400,5.4,7.0,0.9,H-slot9,
2026-07-08,Shohei Ohtani,LAD,1B/OF,6700,12.9,15.3,7.8,H-slot1,
2026-07-08,Tommy Edman,LAD,2B/OF,4200,8.1,8.8,5.3,H-slot2,
2026-07-08,Freddie Freeman,LAD,1B,6200,9.2,10.9,2.0,H-slot3,
2026-07-08,Mookie Betts,LAD,SS,5000,8.7,10.7,4.3,H-slot4,
2026-07-08,Max Muncy,LAD,3B,5200,9.0,11.2,3.1,H-slot5,
2026-07-08,Teoscar Hernández,LAD,OF,4400,8.4,9.8,2.1,H-slot6,
2026-07-08,Kyle Tucker,LAD,OF,4700,9.3,10.1,1.9,H-slot7,
2026-07-08,Alex Call,LAD,OF,3000,7.4,7.7,6.8,H-slot8,
2026-07-08,Eliezer Alfonzo,LAD,C,2000,6.9,6.9,25.7,H-slot9,
2026-07-08,Jake McCarthy,COL,OF,4100,9.1,10.6,7.3,H-slot1,
2026-07-08,Mickey Moniak,COL,OF,4900,9.3,12.5,3.4,H-slot2,
2026-07-08,Cole Carrigg,COL,OF,3700,8.4,10.2,5.0,H-slot3,
2026-07-08,TJ Rumfield,COL,1B,3900,8.2,9.6,3.3,H-slot4,
2026-07-08,Kyle Karros,COL,3B,3000,6.0,7.0,6.9,H-slot5,
2026-07-08,Troy Johnston,COL,OF,4200,7.8,8.2,1.2,H-slot6,
2026-07-08,Edouard Julien,COL,2B,3200,6.2,6.5,2.1,H-slot7,
2026-07-08,Ezequiel Tovar,COL,SS,3700,7.4,8.4,1.6,H-slot8,
2026-07-08,Brett Sullivan,COL,C,2500,7.3,8.5,8.9,H-slot9,
2026-07-08,Fernando Tatis Jr.,SD,OF,4900,9.0,9.6,2.5,H-slot1,
2026-07-08,Jackson Merrill,SD,OF,4200,8.3,9.5,2.6,H-slot2,
2026-07-08,Xander Bogaerts,SD,SS,3400,7.1,8.1,9.4,H-slot3,
2026-07-08,Gavin Sheets,SD,1B/OF,3700,6.4,8.4,1.1,H-slot4,
2026-07-08,Jake Cronenworth,SD,2B,2300,6.6,7.5,9.3,H-slot5,
2026-07-08,Luis Campusano,SD,C,3000,5.7,7.5,2.9,H-slot6,
2026-07-08,Miguel Andujar,SD,3B/OF,2800,6.4,7.3,4.4,H-slot7,
2026-07-08,Jase Bowen,SD,OF,2400,6.4,6.4,3.7,H-slot8,
2026-07-08,Sung-Mun Song,SD,2B/SS,2900,6.2,6.7,1.2,H-slot9,
2026-07-08,Ketel Marte,AZ,2B,4900,9.1,11.2,2.5,H-slot1,
2026-07-08,Ildemaro Vargas,AZ,1B/2B,2800,6.1,7.2,9.1,H-slot2,
2026-07-08,Corbin Carroll,AZ,OF,4800,8.9,10.4,1.7,H-slot3,
2026-07-08,Gabriel Moreno,AZ,C,3900,7.0,8.0,1.9,H-slot4,
2026-07-08,Max Kepler,AZ,OF,2300,6.2,7.9,8.6,H-slot5,
2026-07-08,Lourdes Gurriel Jr.,AZ,OF,3000,6.8,7.3,3.7,H-slot6,
2026-07-08,Nolan Arenado,AZ,3B,3300,5.9,7.1,2.0,H-slot7,
2026-07-08,Pavin Smith,AZ,1B,2200,7.0,7.5,7.8,H-slot8,
2026-07-08,Tommy Troy,AZ,OF,2800,6.0,6.9,1.4,H-slot9,
2026-07-09,Bryce Miller,SEA,P,10400,19.4,19.4,22.6,P-prop,24.2
2026-07-09,Brady Singer,CIN,P,6600,12.9,12.9,18.3,P-prop,9.9
2026-07-09,Andre Pallante,STL,P,7900,11.1,11.1,1.8,P-prop,14.2
2026-07-09,Nathan Eovaldi,TEX,P,9600,21.0,21.0,65.0,P-prop,18.9
2026-07-09,Reid Detmers,LAA,P,8400,18.6,18.6,43.8,P-prop,17.3
2026-07-09,Merrill Kelly,ARI,P,6400,12.7,12.7,20.4,P-prop,9.0
2026-07-09,Ryan Feltner,COL,P,6200,12.6,12.6,24.1,P-prop,11.1
2026-07-09,Michael Harris II,ATL,OF,4600,8.5,10.7,4.3,H-slot1,8.1
2026-07-09,Ozzie Albies,ATL,2B,4300,7.9,9.5,3.8,H-slot2,7.8
2026-07-09,Matt Olson,ATL,1B,5200,8.7,11.5,2.8,H-slot3,9.2
2026-07-09,Drake Baldwin,ATL,C,4700,8.5,10.6,3.3,H-slot4,8.5
2026-07-09,Mauricio Dubón,ATL,OF,3400,6.7,7.8,4.4,H-slot5,7.1
2026-07-09,Dominic Smith,ATL,OF,3000,7.0,8.1,5.1,H-slot6,5.1
2026-07-09,Austin Riley,ATL,3B,3800,6.9,7.9,2.3,H-slot7,6.0
2026-07-09,Mike Yastrzemski,ATL,OF,2700,6.7,7.6,4.5,H-slot8,4.9
2026-07-09,Jim Jarvis,ATL,SS,2200,6.7,8.2,7.4,H-slot9,5.7
2026-07-09,A.J. Ewing,NYM,OF,3900,9.4,11.0,6.7,H-slot1,7.7
2026-07-09,Juan Soto,NYM,OF,6300,10.9,13.9,3.7,H-slot2,9.9
2026-07-09,Bo Bichette,NYM,3B,4600,7.7,8.8,3.2,H-slot3,6.9
2026-07-09,Carson Benge,NYM,OF,4100,8.3,9.6,3.8,H-slot4,7.6
2026-07-09,Francisco Alvarez,NYM,C,3400,7.3,9.0,5.6,H-slot5,5.6
2026-07-09,Jared Young,NYM,1B,2700,7.1,8.7,5.9,H-slot6,5.1
2026-07-09,Mark Vientos,NYM,1B,2900,7.2,9.0,4.9,H-slot7,5.4
2026-07-09,Brett Baty,NYM,2B,2600,6.4,6.8,4.6,H-slot8,4.9
2026-07-09,Luis Torrens,NYM,C,2300,5.6,6.0,4.4,H-slot9,4.1
2026-07-09,Lane Thomas,KC,OF,3300,7.8,9.1,7.5,H-slot1,5.5
2026-07-09,Bobby Witt Jr.,KC,SS,6400,9.9,11.4,3.5,H-slot2,9.6
2026-07-09,Salvador Perez,KC,1B/C,3600,6.9,8.2,3.5,H-slot3,5.7
2026-07-09,Starling Marte,KC,OF,2800,7.0,7.3,6.0,H-slot4,4.0
2026-07-09,Nick Loftin,KC,3B,2900,6.0,6.9,4.2,H-slot5,6.2
2026-07-09,Jac Caglianone,KC,1B/OF,4500,6.1,7.8,1.3,H-slot6,6.9
2026-07-09,Isaac Collins,KC,OF,2600,6.6,7.1,4.5,H-slot7,5.7
2026-07-09,Tyler Tolbert,KC,OF/SS,3000,6.4,7.7,4.2,H-slot8,5.6
2026-07-09,Luke Maile,KC,C,2400,4.7,10.2,2.6,H-slot9,11.0
2026-07-09,Yandy Díaz,TB,1B/3B,5100,8.0,9.6,2.7,H-slot1,8.7
2026-07-09,Jonathan Aranda,TB,1B,4100,8.2,9.7,3.6,H-slot2,8.1
2026-07-09,Junior Caminero,TB,3B,6000,8.7,11.7,2.2,H-slot3,9.2
2026-07-09,Victor Mesa Jr.,TB,OF,2900,7.0,8.8,5.9,H-slot4,5.3
2026-07-09,Ryan Vilade,TB,1B/OF,3300,6.6,8.2,3.7,H-slot5,5.7
2026-07-09,Chandler Simpson,TB,OF,3800,7.1,7.1,2.3,H-slot6,6.5
2026-07-09,Ben Williamson,TB,2B/SS,2700,5.8,6.2,3.6,H-slot7,5.2
2026-07-09,Taylor Walls,TB,SS,2500,6.0,6.0,5.1,H-slot8,5.7
2026-07-09,Nick Fortes,TB,C,2300,4.9,5.3,3.0,H-slot9,4.3
2026-07-09,Adley Rutschman,BAL,C,4200,8.1,9.5,5.3,H-slot1,7.7
2026-07-09,Taylor Ward,BAL,OF,4700,8.6,9.1,4.2,H-slot2,7.1
2026-07-09,Gunnar Henderson,BAL,SS,5500,9.5,11.2,4.7,H-slot3,7.6
2026-07-09,Pete Alonso,BAL,1B,5700,9.1,11.2,2.6,H-slot4,8.4
2026-07-09,Tyler O'Neill,BAL,OF,2500,8.4,9.9,10.7,H-slot5,4.5
2026-07-09,Coby Mayo,BAL,3B,3300,6.8,8.7,4.7,H-slot6,5.5
2026-07-09,Samuel Basallo,BAL,C,3900,7.2,9.2,2.7,H-slot7,6.4
2026-07-09,Blaze Alexander,BAL,3B,3400,7.2,7.7,3.9,H-slot8,5.5
2026-07-09,Leody Taveras,BAL,OF,3200,6.7,7.1,3.4,H-slot9,6.0
2026-07-09,Pete Crow-Armstrong,CHC,OF,6600,10.5,12.9,4.0,H-slot1,10.2
2026-07-09,Alex Bregman,CHC,3B,3900,8.3,9.1,5.6,H-slot2,6.7
2026-07-09,Seiya Suzuki,CHC,OF,4400,9.3,11.3,5.0,H-slot3,8.2
2026-07-09,Carson Kelly,CHC,C,3300,7.8,8.7,8.0,H-slot4,6.2
2026-07-09,Michael Busch,CHC,1B,4000,8.3,9.4,3.6,H-slot5,7.4
2026-07-09,Nico Hoerner,CHC,2B,3600,7.7,8.1,3.7,H-slot6,7.0
2026-07-09,Ian Happ,CHC,OF,4600,8.0,9.8,2.4,H-slot7,7.9
2026-07-09,Dansby Swanson,CHC,SS,4100,7.9,9.7,3.4,H-slot8,7.9
2026-07-09,Miguel Amaya,CHC,C,2900,6.6,7.3,4.3,H-slot9,4.8
2026-07-09,Trevor Larnach,MIN,OF,4200,8.2,9.2,4.1,H-slot1,6.6
2026-07-09,Brooks Lee,MIN,3B,4000,7.3,9.1,3.5,H-slot2,7.2
2026-07-09,Kody Clemens,MIN,2B,5000,8.4,10.6,2.7,H-slot3,7.9
2026-07-09,Josh Bell,MIN,1B,3000,7.3,8.9,5.5,H-slot4,7.3
2026-07-09,Royce Lewis,MIN,1B,3600,7.3,8.9,2.7,H-slot5,6.9
2026-07-09,Alan Roden,MIN,OF,2100,5.3,5.3,5.1,H-slot6,6.0
2026-07-09,Luke Keaschall,MIN,OF,3400,7.6,8.1,3.8,H-slot7,6.7
2026-07-09,Tristan Gray,MIN,SS,2600,5.7,6.6,4.5,H-slot8,4.5
2026-07-09,Alex Jackson,MIN,C,2400,5.5,6.2,3.4,H-slot9,4.0
2026-07-09,Travis Bazzana,CLE,2B,4200,9.3,10.5,5.7,H-slot1,7.9
2026-07-09,Brayan Rocchio,CLE,SS,3300,7.9,8.8,11.1,H-slot2,7.0
2026-07-09,Chase DeLauter,CLE,OF,3200,8.6,9.9,8.7,H-slot3,7.3
2026-07-09,Kyle Manzardo,CLE,1B,2700,7.7,9.2,8.0,H-slot4,5.3
2026-07-09,Kahlil Watson,CLE,OF,2500,8.0,8.6,9.2,H-slot5,6.1
2026-07-09,Gabriel Arias,CLE,3B,2400,7.0,9.3,7.3,H-slot6,5.0
2026-07-09,Daniel Schneemann,CLE,3B/SS,2400,6.8,7.7,6.3,H-slot7,5.0
2026-07-09,Patrick Bailey,CLE,C,2300,6.0,6.6,5.2,H-slot8,3.6
2026-07-09,Steven Kwan,CLE,OF,2600,6.9,7.0,4.5,H-slot9,5.2
2026-07-09,Chase Meidroth,CWS,2B,3900,6.7,7.6,3.5,H-slot1,6.5
2026-07-09,Randal Grichuk,CWS,OF,3300,8.1,11.0,7.5,H-slot2,4.6
2026-07-09,Miguel Vargas,CWS,1B/3B,5400,7.5,9.7,1.9,H-slot3,9.1
2026-07-09,Colson Montgomery,CWS,3B/SS,4400,8.3,11.0,3.0,H-slot4,7.8
2026-07-09,Junior Perez,CWS,OF,2200,7.1,9.8,8.4,H-slot5,2.8
2026-07-09,Sam Antonacci,CWS,OF,4100,7.7,8.4,2.4,H-slot6,7.8
2026-07-09,Braden Montgomery,CWS,OF,2900,6.7,7.5,4.1,H-slot7,6.0
2026-07-09,Luisangel Acuña,CWS,SS,2500,6.6,6.8,6.1,H-slot8,3.9
2026-07-09,Drew Romo,CWS,C,2800,4.6,6.2,2.1,H-slot9,4.6
2026-07-09,Anthony Seigler,BOS,2B,3000,6.9,7.6,7.9,H-slot1,6.6
2026-07-09,Ceddanne Rafaela,BOS,OF,4300,8.2,9.2,3.9,H-slot2,7.5
2026-07-09,Wilyer Abreu,BOS,OF,4500,8.2,9.3,3.3,H-slot3,7.5
2026-07-09,Romy Gonzalez,BOS,1B/2B,3400,8.6,10.0,6.3,H-slot4,8.1
2026-07-09,Caleb Durbin,BOS,3B,2900,7.5,8.8,6.4,H-slot5,6.4
2026-07-09,Andruw Monasterio,BOS,2B/SS,2200,6.6,7.6,7.1,H-slot6,4.2
2026-07-09,Nate Eaton,BOS,OF,2600,8.0,9.1,6.6,H-slot7,4.8
2026-07-09,Brett Harris,BOS,3B,2000,5.4,5.4,4.9,H-slot8,1.0
2026-07-09,Connor Wong,BOS,C,2700,6.1,6.4,3.5,H-slot9,5.5
2026-07-09,Joshua Kuroda-Grauer,ATH,2B/3B,2700,8.1,8.1,12.4,H-slot1,7.9
2026-07-09,Nick Kurtz,ATH,1B,6100,10.5,12.7,3.2,H-slot2,9.7
2026-07-09,Shea Langeliers,ATH,C,5400,8.6,11.0,3.0,H-slot3,8.6
2026-07-09,Jonah Heim,ATH,C,3400,6.5,8.8,5.0,H-slot4,6.7
2026-07-09,Jacob Wilson,ATH,SS,3800,7.2,8.0,4.1,H-slot5,6.7
2026-07-09,Zack Gelof,ATH,2B/3B,4800,7.2,9.0,1.9,H-slot6,7.7
2026-07-09,Colby Thomas,ATH,OF,2900,6.9,8.6,4.7,H-slot7,3.5
2026-07-09,Henry Bolte,ATH,OF,3700,7.0,7.6,2.1,H-slot8,6.8
2026-07-09,Alika Williams,ATH,SS,3100,5.7,6.6,3.5,H-slot9,4.4
2026-07-09,Liam Hicks,MIA,1B,4600,8.0,9.8,3.8,H-slot1,8.0
2026-07-09,Otto Lopez,MIA,SS,5100,8.3,9.3,4.6,H-slot2,9.3
2026-07-09,Xavier Edwards,MIA,2B,4600,8.2,8.9,3.5,H-slot3,7.9
2026-07-09,Kyle Stowers,MIA,1B,4400,8.1,9.9,3.1,H-slot4,8.0
2026-07-09,Heriberto Hernández,MIA,OF,3400,8.1,10.5,6.2,H-slot5,6.7
2026-07-09,Griffin Conine,MIA,OF,3300,7.6,9.6,5.3,H-slot6,5.7
2026-07-09,Esteury Ruiz,MIA,OF,3200,9.8,11.2,7.3,H-slot7,5.6
2026-07-09,Jakob Marsee,MIA,OF,3500,7.1,7.6,3.5,H-slot8,6.6
2026-07-09,Leo Jiménez,MIA,3B,2600,5.1,5.4,3.0,H-slot9,3.7
2026-07-09,J.P. Crawford,SEA,3B,3000,7.4,8.9,10.3,H-slot1,6.4
2026-07-09,Randy Arozarena,SEA,OF,5200,9.1,10.3,3.9,H-slot2,8.9
2026-07-09,Dominic Canzone,SEA,OF,3500,8.5,11.1,8.1,H-slot3,6.2
2026-07-09,Cal Raleigh,SEA,C,4400,9.1,10.6,4.4,H-slot4,6.1
2026-07-09,Josh Naylor,SEA,1B,3800,8.6,9.5,3.9,H-slot5,7.1
2026-07-09,Luke Raley,SEA,OF,3600,7.7,10.0,3.5,H-slot6,5.6
2026-07-09,Cole Young,SEA,2B,3300,6.4,7.5,3.8,H-slot7,6.4
2026-07-09,Victor Robles,SEA,OF,2300,8.1,8.1,8.3,H-slot8,3.5
2026-07-09,Colt Emerson,SEA,SS,3200,6.9,8.7,4.8,H-slot9,6.0
2026-07-09,Elly De La Cruz,CIN,SS,5800,10.2,12.2,5.7,H-slot1,9.5
2026-07-09,Sal Stewart,CIN,1B/3B,5000,9.4,11.6,3.9,H-slot2,9.0
2026-07-09,JJ Bleday,CIN,OF,4000,7.7,10.0,4.0,H-slot3,8.3
2026-07-09,Spencer Steer,CIN,1B/OF,4300,7.8,9.6,3.0,H-slot4,7.0
2026-07-09,Eugenio Suárez,CIN,3B,3900,8.1,9.6,3.7,H-slot5,6.0
2026-07-09,Tyler Stephenson,CIN,C,2900,7.1,8.1,6.2,H-slot6,5.1
2026-07-09,Noelvi Marte,CIN,OF,3000,6.9,8.8,4.7,H-slot7,5.8
2026-07-09,Edwin Arroyo,CIN,2B,2500,6.8,6.8,5.4,H-slot8,4.0
2026-07-09,TJ Friedl,CIN,OF,2600,6.2,6.8,4.0,H-slot9,4.5
2026-07-09,JJ Wetherholt,STL,2B,4500,7.5,9.0,2.6,H-slot1,8.2
2026-07-09,Iván Herrera,STL,C,3800,7.6,8.8,3.3,H-slot2,8.0
2026-07-09,Alec Burleson,STL,1B,3900,7.2,8.9,2.3,H-slot3,8.3
2026-07-09,Jordan Walker,STL,OF,4900,6.9,9.3,1.5,H-slot4,9.8
2026-07-09,Lars Nootbaar,STL,OF,3300,6.1,6.9,2.8,H-slot5,6.2
2026-07-09,Masyn Winn,STL,SS,3500,6.1,6.6,3.1,H-slot6,6.6
2026-07-09,Bryan Torres,STL,2B/OF,2900,6.2,8.7,2.8,H-slot7,4.4
2026-07-09,Nathan Church,STL,OF,3000,5.6,6.9,1.8,H-slot9,5.7
2026-07-09,Justin Foscue,TEX,2B,3500,5.7,8.2,3.3,H-slot1,5.2
2026-07-09,Wyatt Langford,TEX,OF,3800,7.0,9.1,2.6,H-slot2,8.9
2026-07-09,Brandon Nimmo,TEX,OF,3600,6.4,7.5,2.2,H-slot3,6.7
2026-07-09,Josh Jung,TEX,3B,4500,5.8,6.9,1.2,H-slot4,7.4
2026-07-09,Jake Burger,TEX,1B,3900,5.9,7.7,1.3,H-slot5,7.1
2026-07-09,Ezequiel Duran,TEX,3B/OF,3500,5.0,5.9,1.6,H-slot6,6.7
2026-07-09,Kyle Higashioka,TEX,C,2700,5.6,7.1,2.7,H-slot7,5.0
2026-07-09,Cam Cauley,TEX,2B/OF,2000,5.4,5.4,3.4,H-slot8,3.1
2026-07-09,Alejandro Osuna,TEX,OF,2400,4.5,4.7,1.7,H-slot9,4.9
2026-07-09,Zach Neto,LAA,SS,4700,7.9,10.1,3.7,H-slot1,8.9
2026-07-09,Mike Trout,LAA,OF,5600,7.5,9.9,1.7,H-slot2,9.4
2026-07-09,Nolan Schanuel,LAA,1B,2700,6.0,6.9,4.4,H-slot3,6.2
2026-07-09,Jorge Soler,LAA,OF,3300,6.2,7.8,3.3,H-slot4,6.8
2026-07-09,Vaughn Grissom,LAA,1B/3B,2500,5.2,6.1,3.2,H-slot5,6.2
2026-07-09,Josh Lowe,LAA,OF,2200,6.0,7.7,4.7,H-slot6,4.7
2026-07-09,Denzer Guzman,LAA,3B,3200,5.2,6.4,2.0,H-slot7,7.0
2026-07-09,Logan O'Hoppe,LAA,C,2300,5.0,5.7,2.9,H-slot8,4.6
2026-07-09,Wade Meckler,LAA,OF,2600,5.7,6.3,2.4,H-slot9,5.8
2026-07-09,Fernando Tatis Jr.,SD,OF,5000,9.0,9.6,3.9,H-slot1,8.0
2026-07-09,Jackson Merrill,SD,OF,4200,8.3,9.5,4.0,H-slot2,7.1
2026-07-09,Xander Bogaerts,SD,SS,3400,7.2,8.2,7.7,H-slot3,6.4
2026-07-09,Manny Machado,SD,3B,4200,8.0,10.1,3.2,H-slot4,7.1
2026-07-09,Gavin Sheets,SD,1B/OF,3700,6.7,8.6,2.4,H-slot5,6.4
2026-07-09,Jake Cronenworth,SD,2B,2500,6.5,7.3,5.6,H-slot6,4.6
2026-07-09,Luis Campusano,SD,C,3200,6.4,8.7,3.6,H-slot7,7.2
2026-07-09,Miguel Andujar,SD,3B/OF,2800,6.3,7.1,3.7,H-slot8,5.4
2026-07-09,Sung-Mun Song,SD,2B/3B,2700,6.4,6.8,3.5,H-slot9,4.6
2026-07-09,Ketel Marte,ARI,2B,4900,9.0,11.0,3.8,H-slot1,8.5
2026-07-09,Geraldo Perdomo,ARI,SS,3900,8.0,8.7,5.6,H-slot2,7.2
2026-07-09,Corbin Carroll,ARI,OF,4800,8.9,10.4,3.2,H-slot3,8.7
2026-07-09,Gabriel Moreno,ARI,C,4000,7.1,8.1,2.9,H-slot4,7.2
2026-07-09,Max Kepler,ARI,OF,2400,6.2,7.7,5.9,H-slot5,4.4
2026-07-09,Lourdes Gurriel Jr.,ARI,OF,2900,6.6,7.1,4.4,H-slot6,5.3
2026-07-09,Nolan Arenado,ARI,3B,3200,6.0,7.2,3.0,H-slot7,6.4
2026-07-09,Tommy Troy,ARI,OF,2600,5.8,7.0,3.4,H-slot8,5.5
2026-07-09,Tim Tawa,ARI,OF,2400,5.3,5.8,3.0,H-slot9,2.8
2026-07-09,Heliot Ramos,SF,OF,3900,8.2,9.9,5.0,H-slot1,7.5
2026-07-09,Luis Arraez,SF,2B,4100,7.4,7.9,3.6,H-slot2,7.8
2026-07-09,Casey Schmitt,SF,3B/SS,4300,7.7,9.8,3.3,H-slot3,7.9
2026-07-09,Rafael Devers,SF,1B,3800,8.5,10.5,3.8,H-slot4,7.5
2026-07-09,Willy Adames,SF,SS,3700,8.0,9.6,4.8,H-slot5,6.8
2026-07-09,Bryce Eldridge,SF,1B,3500,6.8,8.3,3.5,H-slot6,7.0
2026-07-09,Victor Bericoto,SF,OF,2800,7.0,9.9,4.9,H-slot7,5.4
2026-07-09,Drew Gilbert,SF,OF,3700,6.0,6.8,1.6,H-slot8,4.3
2026-07-09,Drew Cavanaugh,SF,C,2600,6.6,6.6,4.3,H-slot9,2.0
2026-07-09,Jake McCarthy,COL,OF,4100,8.6,10.0,4.8,H-slot1,8.2
2026-07-09,Kyle Karros,COL,3B,3100,7.3,8.5,7.4,H-slot2,6.4
2026-07-09,Cole Carrigg,COL,OF,3800,7.4,9.1,3.5,H-slot3,9.6
2026-07-09,Hunter Goodman,COL,C,5400,8.3,11.6,2.4,H-slot4,8.9
2026-07-09,TJ Rumfield,COL,1B,3900,7.7,9.1,2.7,H-slot5,7.6
2026-07-09,Tyler Freeman,COL,OF,3700,6.5,7.0,2.2,H-slot6,6.2
2026-07-09,Willi Castro,COL,2B/SS,4000,6.6,7.4,1.8,H-slot7,6.7
2026-07-09,Ezequiel Tovar,COL,SS,3600,6.2,7.2,2.4,H-slot8,5.3
2026-07-09,Braxton Fulford,COL,C,3500,5.9,6.5,2.2,H-slot9,3.4
